Id_heladeria,Des_Heladeria,Comunidad_Autonoma,Consumo_In_Situ,Productos_Premium,HorasAbierto,Fecha,Anyo,Mes,Dia,Tipo,Temperatura,Ventas
3409,PLAYA POSTIGUET,Comunidad Valenciana,0,0,17,00:00.0,2013,5,7,0,22.4,770
3409,PLAYA POSTIGUET,Comunidad Valenciana,0,0,17,00:00.0,2013,5,8,0,25,798
3409,PLAYA POSTIGUET,Comunidad Valenciana,0,0,17,00:00.0,2013,5,9,0,24.1,961
3409,PLAYA POSTIGUET,Comunidad Valenciana,0,0,17,00:00.0,2013,5,10,0,24.8,1481
3409,PLAYA POSTIGUET,Comunidad Valenciana,0,0,17,00:00.0,2013,5,11,1,24.8,1814
3409,PLAYA POSTIGUET,Comunidad Valenciana,0,0,17,00:00.0,2013,5,12,2,25.3,1793
3409,PLAYA POSTIGUET,Comunidad Valenciana,0,0,17,00:00.0,2013,5,13,0,26.1,1104
3409,PLAYA POSTIGUET,Comunidad Valenciana,0,0,17,00:00.0,2013,5,14,0,22.1,739
3409,PLAYA POSTIGUET,Comunidad Valenciana,0,0,17,00:00.0,2013,5,15,0,12.8,915
3409,PLAYA POSTIGUET,Comunidad Valenciana,0,0,17,00:00.0,2013,5,16,0,14.3,806
3409,PLAYA POSTIGUET,Comunidad Valenciana,0,0,17,00:00.0,2013,5,17,0,9.7,1386
3409,PLAYA POSTIGUET,Comunidad Valenciana,0,0,17,00:00.0,2013,5,18,1,14.5,1842
3409,PLAYA POSTIGUET,Comunidad Valenciana,0,0,17,00:00.0,2013,5,19,2,14.8,1566
3409,PLAYA POSTIGUET,Comunidad Valenciana,0,0,17,00:00.0,2013,5,20,0,0,1017
3409,PLAYA POSTIGUET,Comunidad Valenciana,0,0,17,00:00.0,2013,5,21,0,0,802
3409,PLAYA POSTIGUET,Comunidad Valenciana,0,0,17,00:00.0,2013,5,22,0,22,1071
3409,PLAYA POSTIGUET,Comunidad Valenciana,0,0,17,00:00.0,2013,5,23,0,23.4,1024
3409,PLAYA POSTIGUET,Comunidad Valenciana,0,0,17,00:00.0,2013,5,24,0,24.2,1503
3409,PLAYA POSTIGUET,Comunidad Valenciana,0,0,17,00:00.0,2013,5,25,1,24.8,1650
3409,PLAYA POSTIGUET,Comunidad Valenciana,0,0,17,00:00.0,2013,5,26,2,23.5,1314
3409,PLAYA POSTIGUET,Comunidad Valenciana,0,0,17,00:00.0,2013,5,27,0,20.5,786
3409,PLAYA POSTIGUET,Comunidad Valenciana,0,0,17,00:00.0,2013,5,28,0,19.2,934
3409,PLAYA POSTIGUET,Comunidad Valenciana,0,0,17,00:00.0,2013,5,29,0,17.9,936
3409,PLAYA POSTIGUET,Comunidad Valenciana,0,0,17,00:00.0,2013,5,30,0,19.6,1328
3409,PLAYA POSTIGUET,Comunidad Valenciana,0,0,17,00:00.0,2013,5,31,0,20.7,1559
3409,PLAYA POSTIGUET,Comunidad Valenciana,0,0,17,00:00.0,2013,6,1,1,23.8,1824
3409,PLAYA POSTIGUET,Comunidad Valenciana,0,0,17,00:00.0,2013,6,2,2,24.2,1764
3409,PLAYA POSTIGUET,Comunidad Valenciana,0,0,17,00:00.0,2013,6,3,0,25.8,1189
3409,PLAYA POSTIGUET,Comunidad Valenciana,0,0,17,00:00.0,2013,6,4,0,28.8,1060
3409,PLAYA POSTIGUET,Comunidad Valenciana,0,0,17,00:00.0,2013,6,5,0,29.6,1086
3409,PLAYA POSTIGUET,Comunidad Valenciana,0,0,17,00:00.0,2013,6,6,0,24.9,1036
3409,PLAYA POSTIGUET,Comunidad Valenciana,0,0,17,00:00.0,2013,6,7,0,18.4,1738
3409,PLAYA POSTIGUET,Comunidad Valenciana,0,0,17,00:00.0,2013,6,8,1,18.8,1861
3409,PLAYA POSTIGUET,Comunidad Valenciana,0,0,17,00:00.0,2013,6,9,2,21,1999
3409,PLAYA POSTIGUET,Comunidad Valenciana,0,0,17,00:00.0,2013,6,10,0,25,1250
3409,PLAYA POSTIGUET,Comunidad Valenciana,0,0,17,00:00.0,2013,6,11,0,28.3,1172
3409,PLAYA POSTIGUET,Comunidad Valenciana,0,0,17,00:00.0,2013,6,12,0,31.9,1091
3409,PLAYA POSTIGUET,Comunidad Valenciana,0,0,17,00:00.0,2013,6,13,0,0,1169
3409,PLAYA POSTIGUET,Comunidad Valenciana,0,0,17,00:00.0,2013,6,14,0,0,1636
3409,PLAYA POSTIGUET,Comunidad Valenciana,0,0,17,00:00.0,2013,6,15,1,0,2115
3409,PLAYA POSTIGUET,Comunidad Valenciana,0,0,17,00:00.0,2013,6,16,2,0,1979
3409,PLAYA POSTIGUET,Comunidad Valenciana,0,0,17,00:00.0,2013,6,17,0,0,1284
3409,PLAYA POSTIGUET,Comunidad Valenciana,0,0,17,00:00.0,2013,6,18,0,19.8,1267
3409,PLAYA POSTIGUET,Comunidad Valenciana,0,0,17,00:00.0,2013,6,19,0,20.5,0
3409,PLAYA POSTIGUET,Comunidad Valenciana,0,0,17,00:00.0,2013,6,20,0,0,1244
3409,PLAYA POSTIGUET,Comunidad Valenciana,0,0,17,00:00.0,2013,6,21,0,0,1682
3409,PLAYA POSTIGUET,Comunidad Valenciana,0,0,17,00:00.0,2013,6,22,1,30.7,0
3409,PLAYA POSTIGUET,Comunidad Valenciana,0,0,17,00:00.0,2013,6,23,2,32.2,2335
3409,PLAYA POSTIGUET,Comunidad Valenciana,0,0,17,00:00.0,2013,6,24,0,31.1,1625
3409,PLAYA POSTIGUET,Comunidad Valenciana,0,0,17,00:00.0,2013,6,25,0,32,1592
3409,PLAYA POSTIGUET,Comunidad Valenciana,0,0,17,00:00.0,2013,6,26,0,31.7,1477
3409,PLAYA POSTIGUET,Comunidad Valenciana,0,0,17,00:00.0,2013,6,27,0,31.3,1982
3409,PLAYA POSTIGUET,Comunidad Valenciana,0,0,17,00:00.0,2013,6,28,0,30.8,2155
3409,PLAYA POSTIGUET,Comunidad Valenciana,0,0,17,00:00.0,2013,6,29,1,31.4,2626
3409,PLAYA POSTIGUET,Comunidad Valenciana,0,0,17,00:00.0,2013,6,30,2,33.3,0
3409,PLAYA POSTIGUET,Comunidad Valenciana,0,0,17,00:00.0,2013,7,1,0,34.2,1739
3409,PLAYA POSTIGUET,Comunidad Valenciana,0,0,17,00:00.0,2013,7,2,0,32.4,1809
3409,PLAYA POSTIGUET,Comunidad Valenciana,0,0,17,00:00.0,2013,7,3,0,34.6,1805
3409,PLAYA POSTIGUET,Comunidad Valenciana,0,0,17,00:00.0,2013,7,4,0,0,1764
3409,PLAYA POSTIGUET,Comunidad Valenciana,0,0,17,00:00.0,2013,7,5,0,36.8,2228
3409,PLAYA POSTIGUET,Comunidad Valenciana,0,0,17,00:00.0,2013,7,6,1,0,2893
3409,PLAYA POSTIGUET,Comunidad Valenciana,0,0,17,00:00.0,2013,7,7,2,35.9,3077
3409,PLAYA POSTIGUET,Comunidad Valenciana,0,0,17,00:00.0,2013,7,8,0,37.3,2471
3409,PLAYA POSTIGUET,Comunidad Valenciana,0,0,17,00:00.0,2013,7,9,0,36.8,2232
3409,PLAYA POSTIGUET,Comunidad Valenciana,0,0,17,00:00.0,2013,7,10,0,34.1,2412
3409,PLAYA POSTIGUET,Comunidad Valenciana,0,0,17,00:00.0,2013,7,11,0,35.2,2225
3409,PLAYA POSTIGUET,Comunidad Valenciana,0,0,17,00:00.0,2013,7,12,0,35.8,2720
3409,PLAYA POSTIGUET,Comunidad Valenciana,0,0,17,00:00.0,2013,7,13,1,34,3287
3409,PLAYA POSTIGUET,Comunidad Valenciana,0,0,17,00:00.0,2013,7,14,2,33.1,3278
3409,PLAYA POSTIGUET,Comunidad Valenciana,0,0,17,00:00.0,2013,7,15,0,33.6,2603
3409,PLAYA POSTIGUET,Comunidad Valenciana,0,0,17,00:00.0,2013,7,16,0,34.3,2397
3409,PLAYA POSTIGUET,Comunidad Valenciana,0,0,17,00:00.0,2013,7,17,0,34.4,2513
3409,PLAYA POSTIGUET,Comunidad Valenciana,0,0,17,00:00.0,2013,7,18,0,34.3,2553
3409,PLAYA POSTIGUET,Comunidad Valenciana,0,0,17,00:00.0,2013,7,19,0,35.6,2975
3409,PLAYA POSTIGUET,Comunidad Valenciana,0,0,17,00:00.0,2013,7,20,1,34.8,3417
3409,PLAYA POSTIGUET,Comunidad Valenciana,0,0,17,00:00.0,2013,7,21,2,33.1,3658
3409,PLAYA POSTIGUET,Comunidad Valenciana,0,0,17,00:00.0,2013,7,22,0,33.4,2615
3409,PLAYA POSTIGUET,Comunidad Valenciana,0,0,17,00:00.0,2013,7,23,0,33.6,2275
3409,PLAYA POSTIGUET,Comunidad Valenciana,0,0,17,00:00.0,2013,7,24,0,34.8,2586
3409,PLAYA POSTIGUET,Comunidad Valenciana,0,0,17,00:00.0,2013,7,25,0,35.4,2605
3409,PLAYA POSTIGUET,Comunidad Valenciana,0,0,17,00:00.0,2013,7,26,0,34.3,2916
3409,PLAYA POSTIGUET,Comunidad Valenciana,0,0,17,00:00.0,2013,7,27,1,26.5,3553
3409,PLAYA POSTIGUET,Comunidad Valenciana,0,0,17,00:00.0,2013,7,28,2,25.4,3322
3409,PLAYA POSTIGUET,Comunidad Valenciana,0,0,17,00:00.0,2013,7,29,0,28.9,2714
3409,PLAYA POSTIGUET,Comunidad Valenciana,0,0,17,00:00.0,2013,7,30,0,33.6,2394
3409,PLAYA POSTIGUET,Comunidad Valenciana,0,0,17,00:00.0,2013,7,31,0,37.2,2481
3409,PLAYA POSTIGUET,Comunidad Valenciana,0,0,17,00:00.0,2013,8,1,0,37.2,2616
3409,PLAYA POSTIGUET,Comunidad Valenciana,0,0,17,00:00.0,2013,8,2,0,33.4,3077
3409,PLAYA POSTIGUET,Comunidad Valenciana,0,0,17,00:00.0,2013,8,3,1,33.7,3961
3409,PLAYA POSTIGUET,Comunidad Valenciana,0,0,17,00:00.0,2013,8,4,2,34.9,3700
3409,PLAYA POSTIGUET,Comunidad Valenciana,0,0,17,00:00.0,2013,8,5,0,35.5,3270
3409,PLAYA POSTIGUET,Comunidad Valenciana,0,0,17,00:00.0,2013,8,6,0,31.4,3227
3409,PLAYA POSTIGUET,Comunidad Valenciana,0,0,17,00:00.0,2013,8,7,0,30.7,3548
3409,PLAYA POSTIGUET,Comunidad Valenciana,0,0,17,00:00.0,2013,8,8,0,29.5,3959
3409,PLAYA POSTIGUET,Comunidad Valenciana,0,0,17,00:00.0,2013,8,9,0,32.4,4107
3409,PLAYA POSTIGUET,Comunidad Valenciana,0,0,17,00:00.0,2013,8,10,1,35.6,4475
3409,PLAYA POSTIGUET,Comunidad Valenciana,0,0,17,00:00.0,2013,8,11,2,37.2,4381
3409,PLAYA POSTIGUET,Comunidad Valenciana,0,0,17,00:00.0,2013,8,12,0,36.3,4016
3409,PLAYA POSTIGUET,Comunidad Valenciana,0,0,17,00:00.0,2013,8,13,0,34.4,3900
3409,PLAYA POSTIGUET,Comunidad Valenciana,0,0,17,00:00.0,2013,8,14,0,35.1,3883
3409,PLAYA POSTIGUET,Comunidad Valenciana,0,0,17,00:00.0,2013,8,15,3,35.3,4903
3409,PLAYA POSTIGUET,Comunidad Valenciana,0,0,17,00:00.0,2013,8,16,0,35.3,4269
3409,PLAYA POSTIGUET,Comunidad Valenciana,0,0,17,00:00.0,2013,8,17,1,34,4914
3409,PLAYA POSTIGUET,Comunidad Valenciana,0,0,17,00:00.0,2013,8,18,2,34.5,4520
3409,PLAYA POSTIGUET,Comunidad Valenciana,0,0,17,00:00.0,2013,8,19,0,36.8,3594
3409,PLAYA POSTIGUET,Comunidad Valenciana,0,0,17,00:00.0,2013,8,20,0,36.2,3456
3409,PLAYA POSTIGUET,Comunidad Valenciana,0,0,17,00:00.0,2013,8,21,0,36.3,3217
3409,PLAYA POSTIGUET,Comunidad Valenciana,0,0,17,00:00.0,2013,8,22,0,35.1,2876
3409,PLAYA POSTIGUET,Comunidad Valenciana,0,0,17,00:00.0,2013,8,23,0,34.4,3160
3409,PLAYA POSTIGUET,Comunidad Valenciana,0,0,17,00:00.0,2013,8,24,1,33.8,3751
3409,PLAYA POSTIGUET,Comunidad Valenciana,0,0,17,00:00.0,2013,8,25,2,31.4,3554
3409,PLAYA POSTIGUET,Comunidad Valenciana,0,0,17,00:00.0,2013,8,26,0,30.8,2874
3409,PLAYA POSTIGUET,Comunidad Valenciana,0,0,17,00:00.0,2013,8,27,0,30.5,2567
3409,PLAYA POSTIGUET,Comunidad Valenciana,0,0,17,00:00.0,2013,8,28,0,28.1,2317
3409,PLAYA POSTIGUET,Comunidad Valenciana,0,0,17,00:00.0,2013,8,29,0,28.1,2541
3409,PLAYA POSTIGUET,Comunidad Valenciana,0,0,17,00:00.0,2013,8,30,0,28.6,2476
3409,PLAYA POSTIGUET,Comunidad Valenciana,0,0,17,00:00.0,2013,8,31,1,30.1,2856
3409,PLAYA POSTIGUET,Comunidad Valenciana,0,0,17,00:00.0,2013,9,1,2,30.8,2549
3409,PLAYA POSTIGUET,Comunidad Valenciana,0,0,17,00:00.0,2013,9,2,0,31.8,2103
3409,PLAYA POSTIGUET,Comunidad Valenciana,0,0,17,00:00.0,2013,9,3,0,32.7,1950
3409,PLAYA POSTIGUET,Comunidad Valenciana,0,0,17,00:00.0,2013,9,4,0,32.1,2058
3409,PLAYA POSTIGUET,Comunidad Valenciana,0,0,17,00:00.0,2013,9,5,0,29,1973
3409,PLAYA POSTIGUET,Comunidad Valenciana,0,0,17,00:00.0,2013,9,6,0,28.2,2145
3409,PLAYA POSTIGUET,Comunidad Valenciana,0,0,17,00:00.0,2013,9,7,1,27.2,2318
3409,PLAYA POSTIGUET,Comunidad Valenciana,0,0,17,00:00.0,2013,9,8,2,27.2,2151
3409,PLAYA POSTIGUET,Comunidad Valenciana,0,0,17,00:00.0,2013,9,9,0,28.5,1531
3409,PLAYA POSTIGUET,Comunidad Valenciana,0,0,17,00:00.0,2013,9,10,0,29.9,1440
3409,PLAYA POSTIGUET,Comunidad Valenciana,0,0,17,00:00.0,2013,9,11,0,23.4,1641
3409,PLAYA POSTIGUET,Comunidad Valenciana,0,0,17,00:00.0,2013,9,12,0,25.7,1556
3409,PLAYA POSTIGUET,Comunidad Valenciana,0,0,17,00:00.0,2013,9,13,0,28.7,1911
3409,PLAYA POSTIGUET,Comunidad Valenciana,0,0,17,00:00.0,2013,9,14,1,29.4,2134
3409,PLAYA POSTIGUET,Comunidad Valenciana,0,0,17,00:00.0,2013,9,15,2,29.3,1927
3409,PLAYA POSTIGUET,Comunidad Valenciana,0,0,17,00:00.0,2013,9,16,0,30,1428
3409,PLAYA POSTIGUET,Comunidad Valenciana,0,0,17,00:00.0,2013,9,17,0,28.9,1191
3409,PLAYA POSTIGUET,Comunidad Valenciana,0,0,17,00:00.0,2013,9,18,0,29.2,1086
3409,PLAYA POSTIGUET,Comunidad Valenciana,0,0,17,00:00.0,2013,9,19,0,27.8,1349
3409,PLAYA POSTIGUET,Comunidad Valenciana,0,0,17,00:00.0,2013,9,20,0,28.2,1689
3409,PLAYA POSTIGUET,Comunidad Valenciana,0,0,17,00:00.0,2013,9,21,1,28.6,2003
3409,PLAYA POSTIGUET,Comunidad Valenciana,0,0,17,00:00.0,2013,9,22,2,29.6,1966
3409,PLAYA POSTIGUET,Comunidad Valenciana,0,0,17,00:00.0,2013,9,23,0,30.1,1284
3409,PLAYA POSTIGUET,Comunidad Valenciana,0,0,17,00:00.0,2013,9,24,0,30,1156
3409,PLAYA POSTIGUET,Comunidad Valenciana,0,0,17,00:00.0,2013,9,25,0,29,1275
3409,PLAYA POSTIGUET,Comunidad Valenciana,0,0,17,00:00.0,2013,9,26,0,29.2,1073
3409,PLAYA POSTIGUET,Comunidad Valenciana,0,0,17,00:00.0,2013,9,27,0,25.2,1365
3409,PLAYA POSTIGUET,Comunidad Valenciana,0,0,17,00:00.0,2013,9,28,1,21.4,1648
3409,PLAYA POSTIGUET,Comunidad Valenciana,0,0,17,00:00.0,2013,9,29,2,20.7,1659
3409,PLAYA POSTIGUET,Comunidad Valenciana,0,0,17,00:00.0,2013,9,30,0,21.3,1141
3409,PLAYA POSTIGUET,Comunidad Valenciana,0,0,17,00:00.0,2013,10,1,0,23.3,1050
3409,PLAYA POSTIGUET,Comunidad Valenciana,0,0,17,00:00.0,2013,10,2,0,24.2,956
3409,PLAYA POSTIGUET,Comunidad Valenciana,0,0,17,00:00.0,2013,10,3,0,24.1,943
3409,PLAYA POSTIGUET,Comunidad Valenciana,0,0,17,00:00.0,2013,10,4,0,23,1388
3409,PLAYA POSTIGUET,Comunidad Valenciana,0,0,17,00:00.0,2013,10,5,1,24.1,1643
3409,PLAYA POSTIGUET,Comunidad Valenciana,0,0,17,00:00.0,2013,10,6,2,22.9,1427
3409,PLAYA POSTIGUET,Comunidad Valenciana,0,0,17,00:00.0,2013,10,7,0,23.1,989
3409,PLAYA POSTIGUET,Comunidad Valenciana,0,0,17,00:00.0,2013,10,8,0,23.6,927
3409,PLAYA POSTIGUET,Comunidad Valenciana,0,0,17,00:00.0,2013,10,9,0,23.6,1183
3409,PLAYA POSTIGUET,Comunidad Valenciana,0,0,17,00:00.0,2013,10,10,0,24.4,796
3409,PLAYA POSTIGUET,Comunidad Valenciana,0,0,17,00:00.0,2013,10,11,0,22.6,1178
3409,PLAYA POSTIGUET,Comunidad Valenciana,0,0,17,00:00.0,2013,10,12,3,20.4,1599
3409,PLAYA POSTIGUET,Comunidad Valenciana,0,0,17,00:00.0,2013,10,13,2,17.6,1394
3409,PLAYA POSTIGUET,Comunidad Valenciana,0,0,17,00:00.0,2013,10,14,0,20.8,985
3409,PLAYA POSTIGUET,Comunidad Valenciana,0,0,17,00:00.0,2013,10,15,0,21.1,863
3409,PLAYA POSTIGUET,Comunidad Valenciana,0,0,17,00:00.0,2013,10,16,0,22.4,881
3409,PLAYA POSTIGUET,Comunidad Valenciana,0,0,17,00:00.0,2013,10,17,0,24.6,896
3409,PLAYA POSTIGUET,Comunidad Valenciana,0,0,17,00:00.0,2013,10,18,0,24.3,1271
3409,PLAYA POSTIGUET,Comunidad Valenciana,0,0,17,00:00.0,2013,10,19,1,21.4,1445
3409,PLAYA POSTIGUET,Comunidad Valenciana,0,0,17,00:00.0,2013,10,20,2,19.7,1202
3409,PLAYA POSTIGUET,Comunidad Valenciana,0,0,17,00:00.0,2013,10,21,0,20.3,901
3409,PLAYA POSTIGUET,Comunidad Valenciana,0,0,17,00:00.0,2013,10,22,0,15.6,816
3409,PLAYA POSTIGUET,Comunidad Valenciana,0,0,17,00:00.0,2013,10,23,0,19,746
3409,PLAYA POSTIGUET,Comunidad Valenciana,0,0,17,00:00.0,2013,10,24,0,19.3,912
3409,PLAYA POSTIGUET,Comunidad Valenciana,0,0,17,00:00.0,2013,10,25,0,16.9,1276
3409,PLAYA POSTIGUET,Comunidad Valenciana,0,0,17,00:00.0,2013,10,26,1,18.6,1401
3409,PLAYA POSTIGUET,Comunidad Valenciana,0,0,17,00:00.0,2013,10,27,2,19.7,1356
3409,PLAYA POSTIGUET,Comunidad Valenciana,0,0,17,00:00.0,2013,10,28,0,19.7,986
3409,PLAYA POSTIGUET,Comunidad Valenciana,0,0,17,00:00.0,2013,10,29,0,14.9,758
3409,PLAYA POSTIGUET,Comunidad Valenciana,0,0,17,00:00.0,2013,10,30,0,15.1,768
3409,PLAYA POSTIGUET,Comunidad Valenciana,0,0,17,00:00.0,2013,10,31,0,16,1279
3409,PLAYA POSTIGUET,Comunidad Valenciana,0,0,17,00:00.0,2013,11,1,3,16.6,2213
3409,PLAYA POSTIGUET,Comunidad Valenciana,0,0,17,00:00.0,2013,11,2,1,17.3,1840
3409,PLAYA POSTIGUET,Comunidad Valenciana,0,0,17,00:00.0,2013,11,3,2,0,1189
3409,PLAYA POSTIGUET,Comunidad Valenciana,0,0,17,00:00.0,2013,11,4,0,0,681
3409,PLAYA POSTIGUET,Comunidad Valenciana,0,0,17,00:00.0,2013,11,5,0,20.9,513
3409,PLAYA POSTIGUET,Comunidad Valenciana,0,0,17,00:00.0,2013,11,6,0,20.4,772
3409,PLAYA POSTIGUET,Comunidad Valenciana,0,0,17,00:00.0,2013,11,7,0,15.6,734
3409,PLAYA POSTIGUET,Comunidad Valenciana,0,0,17,00:00.0,2013,11,8,0,15.2,1059
3409,PLAYA POSTIGUET,Comunidad Valenciana,0,0,17,00:00.0,2013,11,9,0,14.9,1216
3409,PLAYA POSTIGUET,Comunidad Valenciana,0,0,17,00:00.0,2013,11,10,2,17.1,1140
3409,PLAYA POSTIGUET,Comunidad Valenciana,0,0,17,00:00.0,2013,11,11,0,19.2,886
3409,PLAYA POSTIGUET,Comunidad Valenciana,0,0,17,00:00.0,2013,11,12,0,20.1,975
3409,PLAYA POSTIGUET,Comunidad Valenciana,0,0,17,00:00.0,2013,11,13,0,18.2,736
3409,PLAYA POSTIGUET,Comunidad Valenciana,0,0,17,00:00.0,2013,11,14,0,16.4,835
3409,PLAYA POSTIGUET,Comunidad Valenciana,0,0,17,00:00.0,2013,11,15,0,11.6,1045
3409,PLAYA POSTIGUET,Comunidad Valenciana,0,0,17,00:00.0,2013,11,16,1,7.6,911
3409,PLAYA POSTIGUET,Comunidad Valenciana,0,0,17,00:00.0,2013,11,17,2,6.7,763
3409,PLAYA POSTIGUET,Comunidad Valenciana,0,0,17,00:00.0,2013,11,18,0,11.2,555
3409,PLAYA POSTIGUET,Comunidad Valenciana,0,0,17,00:00.0,2013,11,19,0,13.3,524
3409,PLAYA POSTIGUET,Comunidad Valenciana,0,0,17,00:00.0,2013,11,20,0,9.1,325
3409,PLAYA POSTIGUET,Comunidad Valenciana,0,0,17,00:00.0,2013,11,22,0,10.9,787
3409,PLAYA POSTIGUET,Comunidad Valenciana,0,0,17,00:00.0,2013,11,23,1,9.8,874
3409,PLAYA POSTIGUET,Comunidad Valenciana,0,0,17,00:00.0,2013,11,24,2,10.9,860
3409,PLAYA POSTIGUET,Comunidad Valenciana,0,0,17,00:00.0,2013,11,25,0,12.7,443
3409,PLAYA POSTIGUET,Comunidad Valenciana,0,0,17,00:00.0,2013,11,26,0,11,420
3409,PLAYA POSTIGUET,Comunidad Valenciana,0,0,17,00:00.0,2013,11,27,0,10.2,490
3409,PLAYA POSTIGUET,Comunidad Valenciana,0,0,17,00:00.0,2013,11,28,0,7.9,314
3409,PLAYA POSTIGUET,Comunidad Valenciana,0,0,17,00:00.0,2013,11,29,0,9.3,553
3409,PLAYA POSTIGUET,Comunidad Valenciana,0,0,17,00:00.0,2013,11,30,1,8.3,636
3409,PLAYA POSTIGUET,Comunidad Valenciana,0,0,17,00:00.0,2013,12,1,2,11.8,522
3409,PLAYA POSTIGUET,Comunidad Valenciana,0,0,17,00:00.0,2013,12,2,0,8.9,478
3409,PLAYA POSTIGUET,Comunidad Valenciana,0,0,17,00:00.0,2013,12,3,0,12.4,393
3409,PLAYA POSTIGUET,Comunidad Valenciana,0,0,17,00:00.0,2013,12,4,0,13.5,402
3409,PLAYA POSTIGUET,Comunidad Valenciana,0,0,17,00:00.0,2013,12,5,0,13.2,673
3409,PLAYA POSTIGUET,Comunidad Valenciana,0,0,17,00:00.0,2013,12,6,3,13.1,1251
3409,PLAYA POSTIGUET,Comunidad Valenciana,0,0,17,00:00.0,2013,12,7,1,11.7,1078
3409,PLAYA POSTIGUET,Comunidad Valenciana,0,0,17,00:00.0,2013,12,8,3,10.7,1095
3409,PLAYA POSTIGUET,Comunidad Valenciana,0,0,17,00:00.0,2013,12,9,0,0,417
3409,PLAYA POSTIGUET,Comunidad Valenciana,0,0,17,00:00.0,2013,12,10,0,10.6,472
3409,PLAYA POSTIGUET,Comunidad Valenciana,0,0,17,00:00.0,2013,12,11,0,10.2,396
3409,PLAYA POSTIGUET,Comunidad Valenciana,0,0,17,00:00.0,2013,12,12,0,9.9,292
3409,PLAYA POSTIGUET,Comunidad Valenciana,0,0,17,00:00.0,2013,12,13,0,8.5,480
3409,PLAYA POSTIGUET,Comunidad Valenciana,0,0,17,00:00.0,2013,12,14,1,12.1,680
3409,PLAYA POSTIGUET,Comunidad Valenciana,0,0,17,00:00.0,2013,12,15,2,12.8,751
3409,PLAYA POSTIGUET,Comunidad Valenciana,0,0,17,00:00.0,2013,12,16,0,13.8,288
3409,PLAYA POSTIGUET,Comunidad Valenciana,0,0,17,00:00.0,2013,12,17,0,9.2,405
3409,PLAYA POSTIGUET,Comunidad Valenciana,0,0,17,00:00.0,2013,12,18,0,9.2,473
3409,PLAYA POSTIGUET,Comunidad Valenciana,0,0,17,00:00.0,2013,12,19,0,9.1,0
3409,PLAYA POSTIGUET,Comunidad Valenciana,0,0,17,00:00.0,2013,12,20,0,8.9,613
3409,PLAYA POSTIGUET,Comunidad Valenciana,0,0,17,00:00.0,2013,12,21,1,8.4,0
3409,PLAYA POSTIGUET,Comunidad Valenciana,0,0,17,00:00.0,2013,12,22,2,9.3,0
3409,PLAYA POSTIGUET,Comunidad Valenciana,0,0,17,00:00.0,2013,12,23,0,10.1,608
3409,PLAYA POSTIGUET,Comunidad Valenciana,0,0,17,00:00.0,2013,12,24,0,10.8,0
3409,PLAYA POSTIGUET,Comunidad Valenciana,0,0,17,00:00.0,2013,12,25,3,9.7,668
3409,PLAYA POSTIGUET,Comunidad Valenciana,0,0,17,00:00.0,2013,12,26,0,9.7,780
3409,PLAYA POSTIGUET,Comunidad Valenciana,0,0,17,00:00.0,2013,12,27,0,11.7,0
3409,PLAYA POSTIGUET,Comunidad Valenciana,0,0,17,00:00.0,2013,12,28,1,9.9,995
3409,PLAYA POSTIGUET,Comunidad Valenciana,0,0,17,00:00.0,2013,12,29,2,8.5,0
3409,PLAYA POSTIGUET,Comunidad Valenciana,0,0,17,00:00.0,2013,12,30,0,7.1,0
3409,PLAYA POSTIGUET,Comunidad Valenciana,0,0,17,00:00.0,2013,12,31,0,0,792
3409,PLAYA POSTIGUET,Comunidad Valenciana,0,0,17,00:00.0,2014,1,1,3,0,0
3409,PLAYA POSTIGUET,Comunidad Valenciana,0,0,17,00:00.0,2014,1,2,0,11.8,0
3409,PLAYA POSTIGUET,Comunidad Valenciana,0,0,17,00:00.0,2014,1,3,0,12.2,0
3409,PLAYA POSTIGUET,Comunidad Valenciana,0,0,17,00:00.0,2014,1,4,1,10.9,0
3409,PLAYA POSTIGUET,Comunidad Valenciana,0,0,17,00:00.0,2014,1,5,2,8.7,0
3409,PLAYA POSTIGUET,Comunidad Valenciana,0,0,17,00:00.0,2014,1,6,3,11.1,870
3409,PLAYA POSTIGUET,Comunidad Valenciana,0,0,17,00:00.0,2014,1,7,0,12.8,0
3409,PLAYA POSTIGUET,Comunidad Valenciana,0,0,17,00:00.0,2014,1,8,0,13.3,0
3409,PLAYA POSTIGUET,Comunidad Valenciana,0,0,17,00:00.0,2014,1,9,0,14.6,0
3409,PLAYA POSTIGUET,Comunidad Valenciana,0,0,17,00:00.0,2014,1,10,0,14.2,0
3409,PLAYA POSTIGUET,Comunidad Valenciana,0,0,17,00:00.0,2014,1,11,1,12.4,0
3409,PLAYA POSTIGUET,Comunidad Valenciana,0,0,17,00:00.0,2014,1,12,2,0,0
3409,PLAYA POSTIGUET,Comunidad Valenciana,0,0,17,00:00.0,2014,1,13,0,0,311
3409,PLAYA POSTIGUET,Comunidad Valenciana,0,0,17,00:00.0,2014,1,14,0,12.4,0
3409,PLAYA POSTIGUET,Comunidad Valenciana,0,0,17,00:00.0,2014,1,15,0,10.3,0
3409,PLAYA POSTIGUET,Comunidad Valenciana,0,0,17,00:00.0,2014,1,16,0,9.2,0
3409,PLAYA POSTIGUET,Comunidad Valenciana,0,0,17,00:00.0,2014,1,17,0,8.3,533
3409,PLAYA POSTIGUET,Comunidad Valenciana,0,0,17,00:00.0,2014,1,18,1,8.6,673
3409,PLAYA POSTIGUET,Comunidad Valenciana,0,0,17,00:00.0,2014,1,19,2,6.6,0
3409,PLAYA POSTIGUET,Comunidad Valenciana,0,0,17,00:00.0,2014,1,20,0,9.2,373
3409,PLAYA POSTIGUET,Comunidad Valenciana,0,0,17,00:00.0,2014,1,21,0,8.8,0
3409,PLAYA POSTIGUET,Comunidad Valenciana,0,0,17,00:00.0,2014,1,22,0,11.9,0
3409,PLAYA POSTIGUET,Comunidad Valenciana,0,0,17,00:00.0,2014,1,23,0,11.4,0
3409,PLAYA POSTIGUET,Comunidad Valenciana,0,0,17,00:00.0,2014,1,24,0,14.4,0
3409,PLAYA POSTIGUET,Comunidad Valenciana,0,0,17,00:00.0,2014,1,25,1,16.2,899
3409,PLAYA POSTIGUET,Comunidad Valenciana,0,0,17,00:00.0,2014,1,26,2,16.2,0
3409,PLAYA POSTIGUET,Comunidad Valenciana,0,0,17,00:00.0,2014,1,27,0,12.6,0
3409,PLAYA POSTIGUET,Comunidad Valenciana,0,0,17,00:00.0,2014,1,28,0,7.8,494
3409,PLAYA POSTIGUET,Comunidad Valenciana,0,0,17,00:00.0,2014,1,29,0,8.7,299
3409,PLAYA POSTIGUET,Comunidad Valenciana,0,0,17,00:00.0,2014,1,30,0,8.8,0
3409,PLAYA POSTIGUET,Comunidad Valenciana,0,0,17,00:00.0,2014,1,31,0,11.8,0
3409,PLAYA POSTIGUET,Comunidad Valenciana,0,0,17,00:00.0,2014,2,1,1,12,0
3409,PLAYA POSTIGUET,Comunidad Valenciana,0,0,17,00:00.0,2014,2,2,2,9,1069
3409,PLAYA POSTIGUET,Comunidad Valenciana,0,0,17,00:00.0,2014,2,3,0,7,0
3409,PLAYA POSTIGUET,Comunidad Valenciana,0,0,17,00:00.0,2014,2,4,0,7.7,0
3409,PLAYA POSTIGUET,Comunidad Valenciana,0,0,17,00:00.0,2014,2,5,0,11.4,0
3409,PLAYA POSTIGUET,Comunidad Valenciana,0,0,17,00:00.0,2014,2,6,0,15.6,471
3409,PLAYA POSTIGUET,Comunidad Valenciana,0,0,17,00:00.0,2014,2,7,0,8.6,716
3409,PLAYA POSTIGUET,Comunidad Valenciana,0,0,17,00:00.0,2014,2,8,1,11.3,0
3409,PLAYA POSTIGUET,Comunidad Valenciana,0,0,17,00:00.0,2014,2,9,2,7.1,0
3409,PLAYA POSTIGUET,Comunidad Valenciana,0,0,17,00:00.0,2014,2,10,0,7.9,0
3409,PLAYA POSTIGUET,Comunidad Valenciana,0,0,17,00:00.0,2014,2,11,0,4.8,404
3409,PLAYA POSTIGUET,Comunidad Valenciana,0,0,17,00:00.0,2014,2,12,0,7.3,0
3409,PLAYA POSTIGUET,Comunidad Valenciana,0,0,17,00:00.0,2014,2,13,0,16.4,0
3409,PLAYA POSTIGUET,Comunidad Valenciana,0,0,17,00:00.0,2014,2,14,0,15.1,1079
3409,PLAYA POSTIGUET,Comunidad Valenciana,0,0,17,00:00.0,2014,2,15,1,9.8,0
3409,PLAYA POSTIGUET,Comunidad Valenciana,0,0,17,00:00.0,2014,2,16,2,10.6,0
3409,PLAYA POSTIGUET,Comunidad Valenciana,0,0,17,00:00.0,2014,2,17,0,10.3,631
3409,PLAYA POSTIGUET,Comunidad Valenciana,0,0,17,00:00.0,2014,2,18,0,11.7,0
3409,PLAYA POSTIGUET,Comunidad Valenciana,0,0,17,00:00.0,2014,2,19,0,13.5,0
3409,PLAYA POSTIGUET,Comunidad Valenciana,0,0,17,00:00.0,2014,2,20,0,11.4,0
3409,PLAYA POSTIGUET,Comunidad Valenciana,0,0,17,00:00.0,2014,2,21,0,0,0
3409,PLAYA POSTIGUET,Comunidad Valenciana,0,0,17,00:00.0,2014,2,22,1,0,0
3409,PLAYA POSTIGUET,Comunidad Valenciana,0,0,17,00:00.0,2014,2,23,2,14.1,0
3409,PLAYA POSTIGUET,Comunidad Valenciana,0,0,17,00:00.0,2014,2,24,0,11,0
3409,PLAYA POSTIGUET,Comunidad Valenciana,0,0,17,00:00.0,2014,2,25,0,11.1,503
3409,PLAYA POSTIGUET,Comunidad Valenciana,0,0,17,00:00.0,2014,2,26,0,11.2,623
3409,PLAYA POSTIGUET,Comunidad Valenciana,0,0,17,00:00.0,2014,2,27,0,11.7,749
3409,PLAYA POSTIGUET,Comunidad Valenciana,0,0,17,00:00.0,2014,2,28,0,14.5,1064
3409,PLAYA POSTIGUET,Comunidad Valenciana,0,0,17,00:00.0,2014,3,1,1,12.1,0
3409,PLAYA POSTIGUET,Comunidad Valenciana,0,0,17,00:00.0,2014,3,2,2,16.6,0
3409,PLAYA POSTIGUET,Comunidad Valenciana,0,0,17,00:00.0,2014,3,3,0,12.5,0
3409,PLAYA POSTIGUET,Comunidad Valenciana,0,0,17,00:00.0,2014,3,4,0,11.9,424
3409,PLAYA POSTIGUET,Comunidad Valenciana,0,0,17,00:00.0,2014,3,5,0,16.3,0
3409,PLAYA POSTIGUET,Comunidad Valenciana,0,0,17,00:00.0,2014,3,6,0,20.7,0
3409,PLAYA POSTIGUET,Comunidad Valenciana,0,0,17,00:00.0,2014,3,7,0,17.6,0
3409,PLAYA POSTIGUET,Comunidad Valenciana,0,0,17,00:00.0,2014,3,8,1,19.1,0
3409,PLAYA POSTIGUET,Comunidad Valenciana,0,0,17,00:00.0,2014,3,9,2,17.9,0
3409,PLAYA POSTIGUET,Comunidad Valenciana,0,0,17,00:00.0,2014,3,10,0,19,0
3409,PLAYA POSTIGUET,Comunidad Valenciana,0,0,17,00:00.0,2014,3,11,0,18.3,0
3409,PLAYA POSTIGUET,Comunidad Valenciana,0,0,17,00:00.0,2014,3,12,0,16.8,0
3409,PLAYA POSTIGUET,Comunidad Valenciana,0,0,17,00:00.0,2014,3,13,0,13.2,0
3409,PLAYA POSTIGUET,Comunidad Valenciana,0,0,17,00:00.0,2014,3,14,0,15.9,0
3409,PLAYA POSTIGUET,Comunidad Valenciana,0,0,17,00:00.0,2014,3,15,1,0,0
3409,PLAYA POSTIGUET,Comunidad Valenciana,0,0,17,00:00.0,2014,3,16,2,0,0
3409,PLAYA POSTIGUET,Comunidad Valenciana,0,0,17,00:00.0,2014,3,17,0,22.9,0
3409,PLAYA POSTIGUET,Comunidad Valenciana,0,0,17,00:00.0,2014,3,18,0,23.6,0
3409,PLAYA POSTIGUET,Comunidad Valenciana,0,0,17,00:00.0,2014,3,19,0,20.7,0
3409,PLAYA POSTIGUET,Comunidad Valenciana,0,0,17,00:00.0,2014,3,20,0,0,0
3409,PLAYA POSTIGUET,Comunidad Valenciana,0,0,17,00:00.0,2014,3,21,0,0,0
3409,PLAYA POSTIGUET,Comunidad Valenciana,0,0,17,00:00.0,2014,3,22,1,16.2,999
3409,PLAYA POSTIGUET,Comunidad Valenciana,0,0,17,00:00.0,2014,3,23,2,13.6,0
3409,PLAYA POSTIGUET,Comunidad Valenciana,0,0,17,00:00.0,2014,3,24,0,13.1,0
3409,PLAYA POSTIGUET,Comunidad Valenciana,0,0,17,00:00.0,2014,3,25,0,13.7,505
3409,PLAYA POSTIGUET,Comunidad Valenciana,0,0,17,00:00.0,2014,3,26,0,13.5,0
3409,PLAYA POSTIGUET,Comunidad Valenciana,0,0,17,00:00.0,2014,3,27,0,12.6,0
3409,PLAYA POSTIGUET,Comunidad Valenciana,0,0,17,00:00.0,2014,3,28,0,15.6,0
3409,PLAYA POSTIGUET,Comunidad Valenciana,0,0,17,00:00.0,2014,3,29,1,12.4,1227
3409,PLAYA POSTIGUET,Comunidad Valenciana,0,0,17,00:00.0,2014,3,30,2,13.9,1298
3409,PLAYA POSTIGUET,Comunidad Valenciana,0,0,17,00:00.0,2014,3,31,0,15.1,712
3409,PLAYA POSTIGUET,Comunidad Valenciana,0,0,17,00:00.0,2014,4,1,0,19.7,604
3409,PLAYA POSTIGUET,Comunidad Valenciana,0,0,17,00:00.0,2014,4,2,0,14.7,603
3409,PLAYA POSTIGUET,Comunidad Valenciana,0,0,17,00:00.0,2014,4,3,0,15.8,942
3409,PLAYA POSTIGUET,Comunidad Valenciana,0,0,17,00:00.0,2014,4,4,0,16.8,1419
3409,PLAYA POSTIGUET,Comunidad Valenciana,0,0,17,00:00.0,2014,4,5,1,18.6,2074
3409,PLAYA POSTIGUET,Comunidad Valenciana,0,0,17,00:00.0,2014,4,6,2,0,1495
3409,PLAYA POSTIGUET,Comunidad Valenciana,0,0,17,00:00.0,2014,4,8,0,25.5,777
3409,PLAYA POSTIGUET,Comunidad Valenciana,0,0,17,00:00.0,2014,4,9,0,26,854
3409,PLAYA POSTIGUET,Comunidad Valenciana,0,0,17,00:00.0,2014,4,10,0,27.5,0
3409,PLAYA POSTIGUET,Comunidad Valenciana,0,0,17,00:00.0,2014,4,11,0,26.1,0
3409,PLAYA POSTIGUET,Comunidad Valenciana,0,0,17,00:00.0,2014,4,12,1,24.2,0
3409,PLAYA POSTIGUET,Comunidad Valenciana,0,0,17,00:00.0,2014,4,13,2,23.8,2029
3409,PLAYA POSTIGUET,Comunidad Valenciana,0,0,17,00:00.0,2014,4,14,0,25.3,1413
3409,PLAYA POSTIGUET,Comunidad Valenciana,0,0,17,00:00.0,2014,4,15,0,26,0
3409,PLAYA POSTIGUET,Comunidad Valenciana,0,0,17,00:00.0,2014,4,16,0,26.5,1438
3409,PLAYA POSTIGUET,Comunidad Valenciana,0,0,17,00:00.0,2014,4,17,3,28,0
3409,PLAYA POSTIGUET,Comunidad Valenciana,0,0,17,00:00.0,2014,4,19,1,23.6,2845
3409,PLAYA POSTIGUET,Comunidad Valenciana,0,0,17,00:00.0,2014,4,20,2,19,0
3409,PLAYA POSTIGUET,Comunidad Valenciana,0,0,17,00:00.0,2014,4,21,0,0,0
3409,PLAYA POSTIGUET,Comunidad Valenciana,0,0,17,00:00.0,2014,4,22,0,0,0
3409,PLAYA POSTIGUET,Comunidad Valenciana,0,0,17,00:00.0,2014,4,23,0,19.7,0
3409,PLAYA POSTIGUET,Comunidad Valenciana,0,0,17,00:00.0,2014,4,24,0,16.4,0
3409,PLAYA POSTIGUET,Comunidad Valenciana,0,0,17,00:00.0,2014,4,25,0,17,1452
3409,PLAYA POSTIGUET,Comunidad Valenciana,0,0,17,00:00.0,2014,4,26,1,17.3,2008
3409,PLAYA POSTIGUET,Comunidad Valenciana,0,0,17,00:00.0,2014,4,27,2,19.4,0
3409,PLAYA POSTIGUET,Comunidad Valenciana,0,0,17,00:00.0,2014,4,28,0,23.8,1151
3409,PLAYA POSTIGUET,Comunidad Valenciana,0,0,17,00:00.0,2014,4,29,0,24.2,0
3409,PLAYA POSTIGUET,Comunidad Valenciana,0,0,17,00:00.0,2014,4,30,0,23.9,0
3409,PLAYA POSTIGUET,Comunidad Valenciana,0,0,17,00:00.0,2014,5,1,3,25.6,0
3409,PLAYA POSTIGUET,Comunidad Valenciana,0,0,17,00:00.0,2014,5,2,0,23.1,2053
3409,PLAYA POSTIGUET,Comunidad Valenciana,0,0,17,00:00.0,2014,5,3,1,23.4,2262
3409,PLAYA POSTIGUET,Comunidad Valenciana,0,0,17,00:00.0,2014,5,4,2,25.2,1871
3409,PLAYA POSTIGUET,Comunidad Valenciana,0,0,17,00:00.0,2014,5,5,0,27.7,0
3409,PLAYA POSTIGUET,Comunidad Valenciana,0,0,17,00:00.0,2014,5,6,0,27.7,888
3409,PLAYA POSTIGUET,Comunidad Valenciana,0,0,17,00:00.0,2014,5,7,0,24.9,1020
3409,PLAYA POSTIGUET,Comunidad Valenciana,0,0,17,00:00.0,2014,5,8,0,28.3,1155
3409,PLAYA POSTIGUET,Comunidad Valenciana,0,0,17,00:00.0,2014,5,9,0,30.2,0
3409,PLAYA POSTIGUET,Comunidad Valenciana,0,0,17,00:00.0,2014,5,10,1,30.4,0
3409,PLAYA POSTIGUET,Comunidad Valenciana,0,0,17,00:00.0,2014,5,11,2,28.1,0
3409,PLAYA POSTIGUET,Comunidad Valenciana,0,0,17,00:00.0,2014,5,12,0,29.1,1136
3409,PLAYA POSTIGUET,Comunidad Valenciana,0,0,17,00:00.0,2014,5,13,0,0,0
3409,PLAYA POSTIGUET,Comunidad Valenciana,0,0,17,00:00.0,2014,5,14,0,0,1054
3409,PLAYA POSTIGUET,Comunidad Valenciana,0,0,17,00:00.0,2014,5,15,0,26.5,1080
3409,PLAYA POSTIGUET,Comunidad Valenciana,0,0,17,00:00.0,2014,5,16,0,26.5,1715
3409,PLAYA POSTIGUET,Comunidad Valenciana,0,0,17,00:00.0,2014,5,17,1,25.1,1830
3409,PLAYA POSTIGUET,Comunidad Valenciana,0,0,17,00:00.0,2014,5,18,2,26.1,0
3409,PLAYA POSTIGUET,Comunidad Valenciana,0,0,17,00:00.0,2014,5,19,0,0,1174
3409,PLAYA POSTIGUET,Comunidad Valenciana,0,0,17,00:00.0,2014,5,20,0,18.2,0
3409,PLAYA POSTIGUET,Comunidad Valenciana,0,0,17,00:00.0,2014,5,21,0,17.3,0
3409,PLAYA POSTIGUET,Comunidad Valenciana,0,0,17,00:00.0,2014,5,22,0,16.7,0
3409,PLAYA POSTIGUET,Comunidad Valenciana,0,0,17,00:00.0,2014,5,23,0,19,1499
3409,PLAYA POSTIGUET,Comunidad Valenciana,0,0,17,00:00.0,2014,5,24,1,22.3,1734
3409,PLAYA POSTIGUET,Comunidad Valenciana,0,0,17,00:00.0,2014,5,25,2,21.9,0
3409,PLAYA POSTIGUET,Comunidad Valenciana,0,0,17,00:00.0,2014,5,26,0,22,0
3409,PLAYA POSTIGUET,Comunidad Valenciana,0,0,17,00:00.0,2014,5,27,0,22.7,0
3409,PLAYA POSTIGUET,Comunidad Valenciana,0,0,17,00:00.0,2014,5,28,0,20.7,985
3409,PLAYA POSTIGUET,Comunidad Valenciana,0,0,17,00:00.0,2014,5,29,0,22.4,1252
3409,PLAYA POSTIGUET,Comunidad Valenciana,0,0,17,00:00.0,2014,5,30,0,23.8,0
3409,PLAYA POSTIGUET,Comunidad Valenciana,0,0,17,00:00.0,2014,5,31,1,21.2,0
3409,PLAYA POSTIGUET,Comunidad Valenciana,0,0,17,00:00.0,2014,6,1,2,24.5,1809
3409,PLAYA POSTIGUET,Comunidad Valenciana,0,0,17,00:00.0,2014,6,2,0,26.6,1231
3409,PLAYA POSTIGUET,Comunidad Valenciana,0,0,17,00:00.0,2014,6,3,0,28.7,1221
3409,PLAYA POSTIGUET,Comunidad Valenciana,0,0,17,00:00.0,2014,6,4,0,27.7,1208
3409,PLAYA POSTIGUET,Comunidad Valenciana,0,0,17,00:00.0,2014,6,5,0,27.7,1204
3409,PLAYA POSTIGUET,Comunidad Valenciana,0,0,17,00:00.0,2014,6,6,0,29,1647
3409,PLAYA POSTIGUET,Comunidad Valenciana,0,0,17,00:00.0,2014,6,7,1,26.6,2098
3409,PLAYA POSTIGUET,Comunidad Valenciana,0,0,17,00:00.0,2014,6,8,2,29.1,1987
3409,PLAYA POSTIGUET,Comunidad Valenciana,0,0,17,00:00.0,2014,6,9,0,28.9,1242
3409,PLAYA POSTIGUET,Comunidad Valenciana,0,0,17,00:00.0,2014,6,10,0,28.1,1059
3409,PLAYA POSTIGUET,Comunidad Valenciana,0,0,17,00:00.0,2014,6,11,0,30.1,1240
3409,PLAYA POSTIGUET,Comunidad Valenciana,0,0,17,00:00.0,2014,6,12,0,31.7,1381
3409,PLAYA POSTIGUET,Comunidad Valenciana,0,0,17,00:00.0,2014,6,13,0,33.4,1967
3409,PLAYA POSTIGUET,Comunidad Valenciana,0,0,17,00:00.0,2014,6,14,1,33.3,2086
3409,PLAYA POSTIGUET,Comunidad Valenciana,0,0,17,00:00.0,2014,6,15,2,28.9,2251
3409,PLAYA POSTIGUET,Comunidad Valenciana,0,0,17,00:00.0,2014,6,16,0,26.3,1739
3409,PLAYA POSTIGUET,Comunidad Valenciana,0,0,17,00:00.0,2014,6,17,0,27.8,1584
3409,PLAYA POSTIGUET,Comunidad Valenciana,0,0,17,00:00.0,2014,6,18,0,30.9,1543
3409,PLAYA POSTIGUET,Comunidad Valenciana,0,0,17,00:00.0,2014,6,19,0,31,1667
3409,PLAYA POSTIGUET,Comunidad Valenciana,0,0,17,00:00.0,2014,6,20,0,29.7,2073
3409,PLAYA POSTIGUET,Comunidad Valenciana,0,0,17,00:00.0,2014,6,21,1,28.3,2225
3409,PLAYA POSTIGUET,Comunidad Valenciana,0,0,17,00:00.0,2014,6,22,2,29,2298
3409,PLAYA POSTIGUET,Comunidad Valenciana,0,0,17,00:00.0,2014,6,23,0,29.6,1779
3409,PLAYA POSTIGUET,Comunidad Valenciana,0,0,17,00:00.0,2014,6,24,0,22.3,1668
3409,PLAYA POSTIGUET,Comunidad Valenciana,0,0,17,00:00.0,2014,6,25,0,26.4,1950
3409,PLAYA POSTIGUET,Comunidad Valenciana,0,0,17,00:00.0,2014,6,26,0,26.5,1810
3409,PLAYA POSTIGUET,Comunidad Valenciana,0,0,17,00:00.0,2014,6,27,0,30.4,2150
3409,PLAYA POSTIGUET,Comunidad Valenciana,0,0,17,00:00.0,2014,6,28,1,29.9,2514
3409,PLAYA POSTIGUET,Comunidad Valenciana,0,0,17,00:00.0,2014,6,29,2,27.9,2512
3409,PLAYA POSTIGUET,Comunidad Valenciana,0,0,17,00:00.0,2014,6,30,0,0,1891
3409,PLAYA POSTIGUET,Comunidad Valenciana,0,0,17,00:00.0,2014,7,1,0,28.3,1907
3409,PLAYA POSTIGUET,Comunidad Valenciana,0,0,17,00:00.0,2014,7,2,0,27.6,1822
3409,PLAYA POSTIGUET,Comunidad Valenciana,0,0,17,00:00.0,2014,7,3,0,22.5,1866
3409,PLAYA POSTIGUET,Comunidad Valenciana,0,0,17,00:00.0,2014,7,4,0,28.9,2202
3409,PLAYA POSTIGUET,Comunidad Valenciana,0,0,17,00:00.0,2014,7,5,1,31.8,2763
3409,PLAYA POSTIGUET,Comunidad Valenciana,0,0,17,00:00.0,2014,7,6,2,26.3,2410
3409,PLAYA POSTIGUET,Comunidad Valenciana,0,0,17,00:00.0,2014,7,7,0,28.1,2164
3409,PLAYA POSTIGUET,Comunidad Valenciana,0,0,17,00:00.0,2014,7,8,0,30.4,2274
3409,PLAYA POSTIGUET,Comunidad Valenciana,0,0,17,00:00.0,2014,7,9,0,29.3,1955
3409,PLAYA POSTIGUET,Comunidad Valenciana,0,0,17,00:00.0,2014,7,10,0,28.6,2089
3409,PLAYA POSTIGUET,Comunidad Valenciana,0,0,17,00:00.0,2014,7,11,0,30.3,2605
3409,PLAYA POSTIGUET,Comunidad Valenciana,0,0,17,00:00.0,2014,7,12,1,31.4,3054
3409,PLAYA POSTIGUET,Comunidad Valenciana,0,0,17,00:00.0,2014,7,13,2,33.5,3005
3409,PLAYA POSTIGUET,Comunidad Valenciana,0,0,17,00:00.0,2014,7,14,0,35.3,2487
3409,PLAYA POSTIGUET,Comunidad Valenciana,0,0,17,00:00.0,2014,7,15,0,36.1,2144
3409,PLAYA POSTIGUET,Comunidad Valenciana,0,0,17,00:00.0,2014,7,16,0,0,2213
3409,PLAYA POSTIGUET,Comunidad Valenciana,0,0,17,00:00.0,2014,7,17,0,0,2456
3409,PLAYA POSTIGUET,Comunidad Valenciana,0,0,17,00:00.0,2014,7,18,0,35.2,2586
3409,PLAYA POSTIGUET,Comunidad Valenciana,0,0,17,00:00.0,2014,7,19,1,26.3,3075
3409,PLAYA POSTIGUET,Comunidad Valenciana,0,0,17,00:00.0,2014,7,20,2,26.2,3241
3409,PLAYA POSTIGUET,Comunidad Valenciana,0,0,17,00:00.0,2014,7,21,0,30.9,2978
3409,PLAYA POSTIGUET,Comunidad Valenciana,0,0,17,00:00.0,2014,7,22,0,34.2,2585
3409,PLAYA POSTIGUET,Comunidad Valenciana,0,0,17,00:00.0,2014,7,23,0,36.2,2518
3409,PLAYA POSTIGUET,Comunidad Valenciana,0,0,17,00:00.0,2014,7,24,0,35.7,2424
3409,PLAYA POSTIGUET,Comunidad Valenciana,0,0,17,00:00.0,2014,7,25,0,34.3,2870
3409,PLAYA POSTIGUET,Comunidad Valenciana,0,0,17,00:00.0,2014,7,26,1,35.7,3650
3409,PLAYA POSTIGUET,Comunidad Valenciana,0,0,17,00:00.0,2014,7,27,2,36.1,3535
3409,PLAYA POSTIGUET,Comunidad Valenciana,0,0,17,00:00.0,2014,7,28,0,35.9,2888
3409,PLAYA POSTIGUET,Comunidad Valenciana,0,0,17,00:00.0,2014,7,29,0,0,2646
3409,PLAYA POSTIGUET,Comunidad Valenciana,0,0,17,00:00.0,2014,7,30,0,31.7,2659
3409,PLAYA POSTIGUET,Comunidad Valenciana,0,0,17,00:00.0,2014,7,31,0,35,2612
3409,PLAYA POSTIGUET,Comunidad Valenciana,0,0,17,00:00.0,2014,8,1,0,28.1,3216
3409,PLAYA POSTIGUET,Comunidad Valenciana,0,0,17,00:00.0,2014,8,2,1,28.3,3447
3409,PLAYA POSTIGUET,Comunidad Valenciana,0,0,17,00:00.0,2014,8,3,2,29.3,3719
3409,PLAYA POSTIGUET,Comunidad Valenciana,0,0,17,00:00.0,2014,8,4,0,32.2,3220
3409,PLAYA POSTIGUET,Comunidad Valenciana,0,0,17,00:00.0,2014,8,5,0,33.9,3275
3409,PLAYA POSTIGUET,Comunidad Valenciana,0,0,17,00:00.0,2014,8,6,0,34.7,3315
3409,PLAYA POSTIGUET,Comunidad Valenciana,0,0,17,00:00.0,2014,8,7,0,35.2,3512
3409,PLAYA POSTIGUET,Comunidad Valenciana,0,0,17,00:00.0,2014,8,8,0,34.2,3343
3409,PLAYA POSTIGUET,Comunidad Valenciana,0,0,17,00:00.0,2014,8,9,1,32.4,4152
3409,PLAYA POSTIGUET,Comunidad Valenciana,0,0,17,00:00.0,2014,8,10,2,32.3,3982
3409,PLAYA POSTIGUET,Comunidad Valenciana,0,0,17,00:00.0,2014,8,11,0,32.9,3777
3409,PLAYA POSTIGUET,Comunidad Valenciana,0,0,17,00:00.0,2014,8,12,0,34,3849
3409,PLAYA POSTIGUET,Comunidad Valenciana,0,0,17,00:00.0,2014,8,13,0,29.6,3711
3409,PLAYA POSTIGUET,Comunidad Valenciana,0,0,17,00:00.0,2014,8,14,0,29.4,4205
3409,PLAYA POSTIGUET,Comunidad Valenciana,0,0,17,00:00.0,2014,8,15,3,31.4,4549
3409,PLAYA POSTIGUET,Comunidad Valenciana,0,0,17,00:00.0,2014,8,16,1,30.8,4833
3409,PLAYA POSTIGUET,Comunidad Valenciana,0,0,17,00:00.0,2014,8,17,2,32.4,4423
3409,PLAYA POSTIGUET,Comunidad Valenciana,0,0,17,00:00.0,2014,8,18,0,32.9,3433
3409,PLAYA POSTIGUET,Comunidad Valenciana,0,0,17,00:00.0,2014,8,19,0,33.1,2925
3409,PLAYA POSTIGUET,Comunidad Valenciana,0,0,17,00:00.0,2014,8,20,0,31.6,3007
3409,PLAYA POSTIGUET,Comunidad Valenciana,0,0,17,00:00.0,2014,8,21,0,30.7,2974
3409,PLAYA POSTIGUET,Comunidad Valenciana,0,0,17,00:00.0,2014,8,22,0,29.5,2946
3409,PLAYA POSTIGUET,Comunidad Valenciana,0,0,17,00:00.0,2014,8,23,1,31,3506
3409,PLAYA POSTIGUET,Comunidad Valenciana,0,0,17,00:00.0,2014,8,24,2,32.4,3081
3409,PLAYA POSTIGUET,Comunidad Valenciana,0,0,17,00:00.0,2014,8,25,0,34.3,2669
3409,PLAYA POSTIGUET,Comunidad Valenciana,0,0,17,00:00.0,2014,8,26,0,34.5,2345
3409,PLAYA POSTIGUET,Comunidad Valenciana,0,0,17,00:00.0,2014,8,27,0,34.9,2391
3409,PLAYA POSTIGUET,Comunidad Valenciana,0,0,17,00:00.0,2014,8,28,0,34.8,2373
3409,PLAYA POSTIGUET,Comunidad Valenciana,0,0,17,00:00.0,2014,8,29,0,33.5,2800
3409,PLAYA POSTIGUET,Comunidad Valenciana,0,0,17,00:00.0,2014,8,30,1,32.6,2708
3409,PLAYA POSTIGUET,Comunidad Valenciana,0,0,17,00:00.0,2014,8,31,2,33.9,2498
3409,PLAYA POSTIGUET,Comunidad Valenciana,0,0,17,00:00.0,2014,9,1,0,35.2,1984
3409,PLAYA POSTIGUET,Comunidad Valenciana,0,0,17,00:00.0,2014,9,2,0,36.8,1789
3409,PLAYA POSTIGUET,Comunidad Valenciana,0,0,17,00:00.0,2014,9,3,0,33.7,1823
3409,PLAYA POSTIGUET,Comunidad Valenciana,0,0,17,00:00.0,2014,9,4,0,30.8,1726
3409,PLAYA POSTIGUET,Comunidad Valenciana,0,0,17,00:00.0,2014,9,5,0,32.1,2226
3409,PLAYA POSTIGUET,Comunidad Valenciana,0,0,17,00:00.0,2014,9,6,1,29.9,2427
3409,PLAYA POSTIGUET,Comunidad Valenciana,0,0,17,00:00.0,2014,9,8,0,30,1666
3409,PLAYA POSTIGUET,Comunidad Valenciana,0,0,17,00:00.0,2014,9,9,0,30.5,1686
3409,PLAYA POSTIGUET,Comunidad Valenciana,0,0,17,00:00.0,2014,9,10,0,31.3,1235
3409,PLAYA POSTIGUET,Comunidad Valenciana,0,0,17,00:00.0,2014,9,11,0,28.9,1485
3409,PLAYA POSTIGUET,Comunidad Valenciana,0,0,17,00:00.0,2014,9,12,0,30.1,1993
3409,PLAYA POSTIGUET,Comunidad Valenciana,0,0,17,00:00.0,2014,9,13,1,30.6,2272
3409,PLAYA POSTIGUET,Comunidad Valenciana,0,0,17,00:00.0,2014,9,14,2,28.8,1871
3409,PLAYA POSTIGUET,Comunidad Valenciana,0,0,17,00:00.0,2014,9,15,0,25.6,1247
3409,PLAYA POSTIGUET,Comunidad Valenciana,0,0,17,00:00.0,2014,9,16,0,27.5,1287
3409,PLAYA POSTIGUET,Comunidad Valenciana,0,0,17,00:00.0,2014,9,17,0,25.9,1406
3409,PLAYA POSTIGUET,Comunidad Valenciana,0,0,17,00:00.0,2014,9,18,0,24.3,1408
3409,PLAYA POSTIGUET,Comunidad Valenciana,0,0,17,00:00.0,2014,9,19,0,22.3,1649
3409,PLAYA POSTIGUET,Comunidad Valenciana,0,0,17,00:00.0,2014,9,20,1,24.8,1915
3409,PLAYA POSTIGUET,Comunidad Valenciana,0,0,17,00:00.0,2014,9,21,2,27.4,1920
3409,PLAYA POSTIGUET,Comunidad Valenciana,0,0,17,00:00.0,2014,9,22,0,23.9,1281
3409,PLAYA POSTIGUET,Comunidad Valenciana,0,0,17,00:00.0,2014,9,23,0,23.3,1083
3409,PLAYA POSTIGUET,Comunidad Valenciana,0,0,17,00:00.0,2014,9,24,0,21.7,1139
3409,PLAYA POSTIGUET,Comunidad Valenciana,0,0,17,00:00.0,2014,9,25,0,22.7,1080
3409,PLAYA POSTIGUET,Comunidad Valenciana,0,0,17,00:00.0,2014,9,26,0,24,1507
3409,PLAYA POSTIGUET,Comunidad Valenciana,0,0,17,00:00.0,2014,9,27,1,22.8,1610
3409,PLAYA POSTIGUET,Comunidad Valenciana,0,0,17,00:00.0,2014,9,28,2,19.9,1637
3409,PLAYA POSTIGUET,Comunidad Valenciana,0,0,17,00:00.0,2014,9,29,0,23.6,1193
3409,PLAYA POSTIGUET,Comunidad Valenciana,0,0,17,00:00.0,2014,9,30,0,25.7,1050
3409,PLAYA POSTIGUET,Comunidad Valenciana,0,0,17,00:00.0,2014,10,1,0,26.2,1097
3409,PLAYA POSTIGUET,Comunidad Valenciana,0,0,17,00:00.0,2014,10,2,0,24.9,960
3409,PLAYA POSTIGUET,Comunidad Valenciana,0,0,17,00:00.0,2014,10,3,0,26,1309
3409,PLAYA POSTIGUET,Comunidad Valenciana,0,0,17,00:00.0,2014,10,4,1,26.5,1376
3409,PLAYA POSTIGUET,Comunidad Valenciana,0,0,17,00:00.0,2014,10,5,2,0,1423
3409,PLAYA POSTIGUET,Comunidad Valenciana,0,0,17,00:00.0,2014,10,6,0,23.7,1106
3409,PLAYA POSTIGUET,Comunidad Valenciana,0,0,17,00:00.0,2014,10,7,0,0,919
3409,PLAYA POSTIGUET,Comunidad Valenciana,0,0,17,00:00.0,2014,10,8,0,0,1104
3409,PLAYA POSTIGUET,Comunidad Valenciana,0,0,17,00:00.0,2014,10,9,0,0,1533
3409,PLAYA POSTIGUET,Comunidad Valenciana,0,0,17,00:00.0,2014,10,10,0,19.5,1349
3409,PLAYA POSTIGUET,Comunidad Valenciana,0,0,17,00:00.0,2014,10,11,1,20.3,1538
3409,PLAYA POSTIGUET,Comunidad Valenciana,0,0,17,00:00.0,2014,10,12,3,19,1577
3409,PLAYA POSTIGUET,Comunidad Valenciana,0,0,17,00:00.0,2014,10,13,0,16.2,885
3409,PLAYA POSTIGUET,Comunidad Valenciana,0,0,17,00:00.0,2014,10,14,0,15.1,767
3409,PLAYA POSTIGUET,Comunidad Valenciana,0,0,17,00:00.0,2014,10,15,0,16.3,920
3409,PLAYA POSTIGUET,Comunidad Valenciana,0,0,17,00:00.0,2014,10,16,0,21.1,936
3409,PLAYA POSTIGUET,Comunidad Valenciana,0,0,17,00:00.0,2014,10,17,0,22.3,1310
3409,PLAYA POSTIGUET,Comunidad Valenciana,0,0,17,00:00.0,2014,10,18,1,25.6,1340
3409,PLAYA POSTIGUET,Comunidad Valenciana,0,0,17,00:00.0,2014,10,19,2,25.7,1538
3409,PLAYA POSTIGUET,Comunidad Valenciana,0,0,17,00:00.0,2014,10,20,0,25.4,1007
3409,PLAYA POSTIGUET,Comunidad Valenciana,0,0,17,00:00.0,2014,10,21,0,27.1,953
3409,PLAYA POSTIGUET,Comunidad Valenciana,0,0,17,00:00.0,2014,10,22,0,24,954
3409,PLAYA POSTIGUET,Comunidad Valenciana,0,0,17,00:00.0,2014,10,23,0,23.9,852
3409,PLAYA POSTIGUET,Comunidad Valenciana,0,0,17,00:00.0,2014,10,24,0,26.4,1161
3409,PLAYA POSTIGUET,Comunidad Valenciana,0,0,17,00:00.0,2014,10,25,1,25.8,1128
3409,PLAYA POSTIGUET,Comunidad Valenciana,0,0,17,00:00.0,2014,10,26,2,25,1314
3409,PLAYA POSTIGUET,Comunidad Valenciana,0,0,17,00:00.0,2014,10,27,0,22.9,1025
3409,PLAYA POSTIGUET,Comunidad Valenciana,0,0,17,00:00.0,2014,10,28,0,21.1,826
3409,PLAYA POSTIGUET,Comunidad Valenciana,0,0,17,00:00.0,2014,10,29,0,22.9,1015
3409,PLAYA POSTIGUET,Comunidad Valenciana,0,0,17,00:00.0,2014,10,30,0,23.9,942
3409,PLAYA POSTIGUET,Comunidad Valenciana,0,0,17,00:00.0,2014,10,31,0,22.5,1629
3409,PLAYA POSTIGUET,Comunidad Valenciana,0,0,17,00:00.0,2014,11,1,3,21.1,2048
3409,PLAYA POSTIGUET,Comunidad Valenciana,0,0,17,00:00.0,2014,11,2,2,19.2,1367
3409,PLAYA POSTIGUET,Comunidad Valenciana,0,0,17,00:00.0,2014,11,3,0,15,856
3409,PLAYA POSTIGUET,Comunidad Valenciana,0,0,17,00:00.0,2014,11,4,0,0,575
3409,PLAYA POSTIGUET,Comunidad Valenciana,0,0,17,00:00.0,2014,11,5,0,0,691
3409,PLAYA POSTIGUET,Comunidad Valenciana,0,0,17,00:00.0,2014,11,6,0,14.8,844
3409,PLAYA POSTIGUET,Comunidad Valenciana,0,0,17,00:00.0,2014,11,7,0,17.6,1001
3409,PLAYA POSTIGUET,Comunidad Valenciana,0,0,17,00:00.0,2014,11,8,1,14.5,1004
3409,PLAYA POSTIGUET,Comunidad Valenciana,0,0,17,00:00.0,2014,11,9,2,13,1181
3409,PLAYA POSTIGUET,Comunidad Valenciana,0,0,17,00:00.0,2014,11,10,0,11.7,1122
3409,PLAYA POSTIGUET,Comunidad Valenciana,0,0,17,00:00.0,2014,11,11,0,10.6,748
3409,PLAYA POSTIGUET,Comunidad Valenciana,0,0,17,00:00.0,2014,11,12,0,14.7,1057
3409,PLAYA POSTIGUET,Comunidad Valenciana,0,0,17,00:00.0,2014,11,13,0,15.9,896
3409,PLAYA POSTIGUET,Comunidad Valenciana,0,0,17,00:00.0,2014,11,14,0,14.5,1061
3409,PLAYA POSTIGUET,Comunidad Valenciana,0,0,17,00:00.0,2014,11,15,1,11.9,1036
3409,PLAYA POSTIGUET,Comunidad Valenciana,0,0,17,00:00.0,2014,11,16,2,12.4,1038
3409,PLAYA POSTIGUET,Comunidad Valenciana,0,0,17,00:00.0,2014,11,17,0,13.4,606
3409,PLAYA POSTIGUET,Comunidad Valenciana,0,0,17,00:00.0,2014,11,18,0,10.8,446
3409,PLAYA POSTIGUET,Comunidad Valenciana,0,0,17,00:00.0,2014,11,19,0,14.8,567
3409,PLAYA POSTIGUET,Comunidad Valenciana,0,0,17,00:00.0,2014,11,20,0,18.9,499
3409,PLAYA POSTIGUET,Comunidad Valenciana,0,0,17,00:00.0,2014,11,21,0,15.9,735
3409,PLAYA POSTIGUET,Comunidad Valenciana,0,0,17,00:00.0,2014,11,22,1,17.7,925
3409,PLAYA POSTIGUET,Comunidad Valenciana,0,0,17,00:00.0,2014,11,23,2,16.6,932
3409,PLAYA POSTIGUET,Comunidad Valenciana,0,0,17,00:00.0,2014,11,24,0,17.8,509
3409,PLAYA POSTIGUET,Comunidad Valenciana,0,0,17,00:00.0,2014,11,25,0,16.5,394
3409,PLAYA POSTIGUET,Comunidad Valenciana,0,0,17,00:00.0,2014,11,26,0,12.8,398
3409,PLAYA POSTIGUET,Comunidad Valenciana,0,0,17,00:00.0,2014,11,27,0,11.8,539
3409,PLAYA POSTIGUET,Comunidad Valenciana,0,0,17,00:00.0,2014,11,28,0,10.6,517
3409,PLAYA POSTIGUET,Comunidad Valenciana,0,0,17,00:00.0,2014,11,29,1,10.8,872
3409,PLAYA POSTIGUET,Comunidad Valenciana,0,0,17,00:00.0,2014,11,30,2,15.8,615
3409,PLAYA POSTIGUET,Comunidad Valenciana,0,0,17,00:00.0,2014,12,1,0,16.4,524
3409,PLAYA POSTIGUET,Comunidad Valenciana,0,0,17,00:00.0,2014,12,2,0,14.5,424
3409,PLAYA POSTIGUET,Comunidad Valenciana,0,0,17,00:00.0,2014,12,3,0,10.7,398
3409,PLAYA POSTIGUET,Comunidad Valenciana,0,0,17,00:00.0,2014,12,4,0,10.6,461
3409,PLAYA POSTIGUET,Comunidad Valenciana,0,0,17,00:00.0,2014,12,5,0,11.8,877
3409,PLAYA POSTIGUET,Comunidad Valenciana,0,0,17,00:00.0,2014,12,6,3,10.3,1273
3409,PLAYA POSTIGUET,Comunidad Valenciana,0,0,17,00:00.0,2014,12,7,2,10.6,1418
3409,PLAYA POSTIGUET,Comunidad Valenciana,0,0,17,00:00.0,2014,12,8,3,10.8,1044
3409,PLAYA POSTIGUET,Comunidad Valenciana,0,0,17,00:00.0,2014,12,9,0,10.7,396
3409,PLAYA POSTIGUET,Comunidad Valenciana,0,0,17,00:00.0,2014,12,10,0,11.8,324
3409,PLAYA POSTIGUET,Comunidad Valenciana,0,0,17,00:00.0,2014,12,11,0,12,445
3409,PLAYA POSTIGUET,Comunidad Valenciana,0,0,17,00:00.0,2014,12,12,0,11,621
3409,PLAYA POSTIGUET,Comunidad Valenciana,0,0,17,00:00.0,2014,12,13,1,12,804
3409,PLAYA POSTIGUET,Comunidad Valenciana,0,0,17,00:00.0,2014,12,14,2,9.4,791
3409,PLAYA POSTIGUET,Comunidad Valenciana,0,0,17,00:00.0,2014,12,15,0,11.2,384
3409,PLAYA POSTIGUET,Comunidad Valenciana,0,0,17,00:00.0,2014,12,16,0,12.7,349
3409,PLAYA POSTIGUET,Comunidad Valenciana,0,0,17,00:00.0,2014,12,17,0,12.9,401
3409,PLAYA POSTIGUET,Comunidad Valenciana,0,0,17,00:00.0,2014,12,18,0,13.9,512
3409,PLAYA POSTIGUET,Comunidad Valenciana,0,0,17,00:00.0,2014,12,19,0,12.5,577
3409,PLAYA POSTIGUET,Comunidad Valenciana,0,0,17,00:00.0,2014,12,20,1,13.4,773
3409,PLAYA POSTIGUET,Comunidad Valenciana,0,0,17,00:00.0,2014,12,21,2,12.4,733
3409,PLAYA POSTIGUET,Comunidad Valenciana,0,0,17,00:00.0,2014,12,22,0,13.5,716
3409,PLAYA POSTIGUET,Comunidad Valenciana,0,0,17,00:00.0,2014,12,23,0,11.3,747
3409,PLAYA POSTIGUET,Comunidad Valenciana,0,0,17,00:00.0,2014,12,24,0,10.4,437
3409,PLAYA POSTIGUET,Comunidad Valenciana,0,0,17,00:00.0,2014,12,25,3,11.3,1038
3409,PLAYA POSTIGUET,Comunidad Valenciana,0,0,17,00:00.0,2014,12,26,0,11.4,1016
3409,PLAYA POSTIGUET,Comunidad Valenciana,0,0,17,00:00.0,2014,12,27,1,9,1045
3409,PLAYA POSTIGUET,Comunidad Valenciana,0,0,17,00:00.0,2014,12,28,2,11.4,1014
3409,PLAYA POSTIGUET,Comunidad Valenciana,0,0,17,00:00.0,2014,12,29,0,9.1,1076
3409,PLAYA POSTIGUET,Comunidad Valenciana,0,0,17,00:00.0,2014,12,30,0,9.6,1199
3409,PLAYA POSTIGUET,Comunidad Valenciana,0,0,17,00:00.0,2014,12,31,0,9.6,919
3409,PLAYA POSTIGUET,Comunidad Valenciana,0,0,17,00:00.0,2015,1,1,3,10.7,2116
3409,PLAYA POSTIGUET,Comunidad Valenciana,0,0,17,00:00.0,2015,1,2,0,12.5,1182
3409,PLAYA POSTIGUET,Comunidad Valenciana,0,0,17,00:00.0,2015,1,3,1,11.7,1073
3409,PLAYA POSTIGUET,Comunidad Valenciana,0,0,17,00:00.0,2015,1,4,2,14.4,921
3409,PLAYA POSTIGUET,Comunidad Valenciana,0,0,17,00:00.0,2015,1,5,0,12.3,816
3409,PLAYA POSTIGUET,Comunidad Valenciana,0,0,17,00:00.0,2015,1,6,3,10,747
3409,PLAYA POSTIGUET,Comunidad Valenciana,0,0,17,00:00.0,2015,1,7,0,11,543
3409,PLAYA POSTIGUET,Comunidad Valenciana,0,0,17,00:00.0,2015,1,8,0,12.6,861
3409,PLAYA POSTIGUET,Comunidad Valenciana,0,0,17,00:00.0,2015,1,9,0,13.8,675
3409,PLAYA POSTIGUET,Comunidad Valenciana,0,0,17,00:00.0,2015,1,10,1,13,915
3409,PLAYA POSTIGUET,Comunidad Valenciana,0,0,17,00:00.0,2015,1,11,2,14.1,1010
3409,PLAYA POSTIGUET,Comunidad Valenciana,0,0,17,00:00.0,2015,1,12,0,12.3,530
3409,PLAYA POSTIGUET,Comunidad Valenciana,0,0,17,00:00.0,2015,1,13,0,12.8,558
3409,PLAYA POSTIGUET,Comunidad Valenciana,0,0,17,00:00.0,2015,1,14,0,8.3,313
3409,PLAYA POSTIGUET,Comunidad Valenciana,0,0,17,00:00.0,2015,1,15,0,11,453
3409,PLAYA POSTIGUET,Comunidad Valenciana,0,0,17,00:00.0,2015,1,16,0,8.4,589
3409,PLAYA POSTIGUET,Comunidad Valenciana,0,0,17,00:00.0,2015,1,17,1,8.6,916
3409,PLAYA POSTIGUET,Comunidad Valenciana,0,0,17,00:00.0,2015,1,18,2,3.5,968
3409,PLAYA POSTIGUET,Comunidad Valenciana,0,0,17,00:00.0,2015,1,19,0,7.4,368
3409,PLAYA POSTIGUET,Comunidad Valenciana,0,0,17,00:00.0,2015,1,20,0,6.6,500
3409,PLAYA POSTIGUET,Comunidad Valenciana,0,0,17,00:00.0,2015,1,21,0,5.7,374
3409,PLAYA POSTIGUET,Comunidad Valenciana,0,0,17,00:00.0,2015,1,22,0,8.4,425
3409,PLAYA POSTIGUET,Comunidad Valenciana,0,0,17,00:00.0,2015,1,23,0,10,605
3409,PLAYA POSTIGUET,Comunidad Valenciana,0,0,17,00:00.0,2015,1,24,1,10.9,714
3409,PLAYA POSTIGUET,Comunidad Valenciana,0,0,17,00:00.0,2015,1,25,2,13,888
3409,PLAYA POSTIGUET,Comunidad Valenciana,0,0,17,00:00.0,2015,1,26,0,13.2,549
3409,PLAYA POSTIGUET,Comunidad Valenciana,0,0,17,00:00.0,2015,1,27,0,13.6,509
3409,PLAYA POSTIGUET,Comunidad Valenciana,0,0,17,00:00.0,2015,1,28,0,12.8,498
3409,PLAYA POSTIGUET,Comunidad Valenciana,0,0,17,00:00.0,2015,1,29,0,12.5,526
3409,PLAYA POSTIGUET,Comunidad Valenciana,0,0,17,00:00.0,2015,1,30,0,15.5,841
3409,PLAYA POSTIGUET,Comunidad Valenciana,0,0,17,00:00.0,2015,1,31,1,11.2,887
3409,PLAYA POSTIGUET,Comunidad Valenciana,0,0,17,00:00.0,2015,2,1,2,8,698
3409,PLAYA POSTIGUET,Comunidad Valenciana,0,0,17,00:00.0,2015,2,2,0,5.1,576
3409,PLAYA POSTIGUET,Comunidad Valenciana,0,0,17,00:00.0,2015,2,3,0,9.5,494
3409,PLAYA POSTIGUET,Comunidad Valenciana,0,0,17,00:00.0,2015,2,4,0,5.6,499
3409,PLAYA POSTIGUET,Comunidad Valenciana,0,0,17,00:00.0,2015,2,5,0,5.8,546
3409,PLAYA POSTIGUET,Comunidad Valenciana,0,0,17,00:00.0,2015,2,6,0,5.8,817
3409,PLAYA POSTIGUET,Comunidad Valenciana,0,0,17,00:00.0,2015,2,7,1,3.5,1018
3409,PLAYA POSTIGUET,Comunidad Valenciana,0,0,17,00:00.0,2015,2,8,2,8.8,1012
3409,PLAYA POSTIGUET,Comunidad Valenciana,0,0,17,00:00.0,2015,2,9,0,10.4,458
3409,PLAYA POSTIGUET,Comunidad Valenciana,0,0,17,00:00.0,2015,2,10,0,9,535
3409,PLAYA POSTIGUET,Comunidad Valenciana,0,0,17,00:00.0,2015,2,11,0,8.8,443
3409,PLAYA POSTIGUET,Comunidad Valenciana,0,0,17,00:00.0,2015,2,12,0,11.7,624
3409,PLAYA POSTIGUET,Comunidad Valenciana,0,0,17,00:00.0,2015,2,13,0,12.4,791
3409,PLAYA POSTIGUET,Comunidad Valenciana,0,0,17,00:00.0,2015,2,14,1,12.4,1303
3409,PLAYA POSTIGUET,Comunidad Valenciana,0,0,17,00:00.0,2015,2,15,2,14.9,1295
3409,PLAYA POSTIGUET,Comunidad Valenciana,0,0,17,00:00.0,2015,2,16,0,13.3,685
3409,PLAYA POSTIGUET,Comunidad Valenciana,0,0,17,00:00.0,2015,2,17,0,12.1,603
3409,PLAYA POSTIGUET,Comunidad Valenciana,0,0,17,00:00.0,2015,2,18,0,11,543
3409,PLAYA POSTIGUET,Comunidad Valenciana,0,0,17,00:00.0,2015,2,19,0,11.7,623
3409,PLAYA POSTIGUET,Comunidad Valenciana,0,0,17,00:00.0,2015,2,20,0,11.4,778
3409,PLAYA POSTIGUET,Comunidad Valenciana,0,0,17,00:00.0,2015,2,21,1,13.2,1104
3409,PLAYA POSTIGUET,Comunidad Valenciana,0,0,17,00:00.0,2015,2,22,2,14.2,1043
3409,PLAYA POSTIGUET,Comunidad Valenciana,0,0,17,00:00.0,2015,2,23,0,13.9,636
3409,PLAYA POSTIGUET,Comunidad Valenciana,0,0,17,00:00.0,2015,2,24,0,11.7,500
3409,PLAYA POSTIGUET,Comunidad Valenciana,0,0,17,00:00.0,2015,2,25,0,14.4,597
3409,PLAYA POSTIGUET,Comunidad Valenciana,0,0,17,00:00.0,2015,2,26,0,13.6,756
3409,PLAYA POSTIGUET,Comunidad Valenciana,0,0,17,00:00.0,2015,2,27,0,14.7,974
3409,PLAYA POSTIGUET,Comunidad Valenciana,0,0,17,00:00.0,2015,2,28,1,16.8,1236
3409,PLAYA POSTIGUET,Comunidad Valenciana,0,0,17,00:00.0,2015,3,1,2,19,1270
3409,PLAYA POSTIGUET,Comunidad Valenciana,0,0,17,00:00.0,2015,3,2,0,18.6,591
3409,PLAYA POSTIGUET,Comunidad Valenciana,0,0,17,00:00.0,2015,3,3,0,17.4,480
3409,PLAYA POSTIGUET,Comunidad Valenciana,0,0,17,00:00.0,2015,3,4,0,15.3,581
3409,PLAYA POSTIGUET,Comunidad Valenciana,0,0,17,00:00.0,2015,3,5,0,14.9,670
3409,PLAYA POSTIGUET,Comunidad Valenciana,0,0,17,00:00.0,2015,3,6,0,18.6,993
3409,PLAYA POSTIGUET,Comunidad Valenciana,0,0,17,00:00.0,2015,3,7,1,21.3,1335
3409,PLAYA POSTIGUET,Comunidad Valenciana,0,0,17,00:00.0,2015,3,8,2,22.6,1260
3409,PLAYA POSTIGUET,Comunidad Valenciana,0,0,17,00:00.0,2015,3,9,0,22.1,553
3409,PLAYA POSTIGUET,Comunidad Valenciana,0,0,17,00:00.0,2015,3,10,0,22.9,596
3409,PLAYA POSTIGUET,Comunidad Valenciana,0,0,17,00:00.0,2015,3,11,0,22.4,659
3409,PLAYA POSTIGUET,Comunidad Valenciana,0,0,17,00:00.0,2015,3,12,0,21.7,710
3409,PLAYA POSTIGUET,Comunidad Valenciana,0,0,17,00:00.0,2015,3,13,0,18.4,1001
3409,PLAYA POSTIGUET,Comunidad Valenciana,0,0,17,00:00.0,2015,3,14,1,13.8,1279
3409,PLAYA POSTIGUET,Comunidad Valenciana,0,0,17,00:00.0,2015,3,15,2,9.5,1282
3409,PLAYA POSTIGUET,Comunidad Valenciana,0,0,17,00:00.0,2015,3,16,0,12.8,713
3409,PLAYA POSTIGUET,Comunidad Valenciana,0,0,17,00:00.0,2015,3,17,0,13.9,676
3409,PLAYA POSTIGUET,Comunidad Valenciana,0,0,17,00:00.0,2015,3,18,0,9.3,816
3409,PLAYA POSTIGUET,Comunidad Valenciana,0,0,17,00:00.0,2015,3,19,0,12.1,1225
3409,PLAYA POSTIGUET,Comunidad Valenciana,0,0,17,00:00.0,2015,3,20,0,13.1,1097
3409,PLAYA POSTIGUET,Comunidad Valenciana,0,0,17,00:00.0,2015,3,21,1,11.9,1472
3409,PLAYA POSTIGUET,Comunidad Valenciana,0,0,17,00:00.0,2015,3,22,2,0,1307
3409,PLAYA POSTIGUET,Comunidad Valenciana,0,0,17,00:00.0,2015,3,23,0,8.7,558
3409,PLAYA POSTIGUET,Comunidad Valenciana,0,0,17,00:00.0,2015,3,24,0,14.1,573
3409,PLAYA POSTIGUET,Comunidad Valenciana,0,0,17,00:00.0,2015,3,25,0,10.5,473
3409,PLAYA POSTIGUET,Comunidad Valenciana,0,0,17,00:00.0,2015,3,26,0,14.9,907
3409,PLAYA POSTIGUET,Comunidad Valenciana,0,0,17,00:00.0,2015,3,27,0,0,1532
3409,PLAYA POSTIGUET,Comunidad Valenciana,0,0,17,00:00.0,2015,3,28,1,25.3,2083
3409,PLAYA POSTIGUET,Comunidad Valenciana,0,0,17,00:00.0,2015,3,29,2,0,2098
3409,PLAYA POSTIGUET,Comunidad Valenciana,0,0,17,00:00.0,2015,3,30,0,27,1226
3409,PLAYA POSTIGUET,Comunidad Valenciana,0,0,17,00:00.0,2015,3,31,0,26.8,1269
3409,PLAYA POSTIGUET,Comunidad Valenciana,0,0,17,00:00.0,2015,4,1,0,22.5,1554
3409,PLAYA POSTIGUET,Comunidad Valenciana,0,0,17,00:00.0,2015,4,2,3,24,2290
3409,PLAYA POSTIGUET,Comunidad Valenciana,0,0,17,00:00.0,2015,4,3,3,24.2,2872
3409,PLAYA POSTIGUET,Comunidad Valenciana,0,0,17,00:00.0,2015,4,4,1,22.4,2801
3409,PLAYA POSTIGUET,Comunidad Valenciana,0,0,17,00:00.0,2015,4,5,2,24,2760
3409,PLAYA POSTIGUET,Comunidad Valenciana,0,0,17,00:00.0,2015,4,6,0,21.2,1705
3409,PLAYA POSTIGUET,Comunidad Valenciana,0,0,17,00:00.0,2015,4,7,0,18.5,1130
3409,PLAYA POSTIGUET,Comunidad Valenciana,0,0,17,00:00.0,2015,4,8,0,18.4,1032
3409,PLAYA POSTIGUET,Comunidad Valenciana,0,0,17,00:00.0,2015,4,9,0,11.9,1157
3409,PLAYA POSTIGUET,Comunidad Valenciana,0,0,17,00:00.0,2015,4,10,0,16.9,1410
3409,PLAYA POSTIGUET,Comunidad Valenciana,0,0,17,00:00.0,2015,4,11,1,22.2,1713
3409,PLAYA POSTIGUET,Comunidad Valenciana,0,0,17,00:00.0,2015,4,12,2,21.5,1704
3409,PLAYA POSTIGUET,Comunidad Valenciana,0,0,17,00:00.0,2015,4,13,0,23.4,1032
3409,PLAYA POSTIGUET,Comunidad Valenciana,0,0,17,00:00.0,2015,4,14,0,24.8,823
3409,PLAYA POSTIGUET,Comunidad Valenciana,0,0,17,00:00.0,2015,4,15,0,18.9,895
3409,PLAYA POSTIGUET,Comunidad Valenciana,0,0,17,00:00.0,2015,4,16,0,16.9,1198
3409,PLAYA POSTIGUET,Comunidad Valenciana,0,0,17,00:00.0,2015,4,17,0,20.1,1334
3409,PLAYA POSTIGUET,Comunidad Valenciana,0,0,17,00:00.0,2015,4,18,1,19.1,1592
3409,PLAYA POSTIGUET,Comunidad Valenciana,0,0,17,00:00.0,2015,4,19,2,18.8,1594
3409,PLAYA POSTIGUET,Comunidad Valenciana,0,0,17,00:00.0,2015,4,20,0,21.6,972
3409,PLAYA POSTIGUET,Comunidad Valenciana,0,0,17,00:00.0,2015,4,21,0,22.4,834
3409,PLAYA POSTIGUET,Comunidad Valenciana,0,0,17,00:00.0,2015,4,22,0,21.8,1002
3409,PLAYA POSTIGUET,Comunidad Valenciana,0,0,17,00:00.0,2015,4,23,0,24,1160
3409,PLAYA POSTIGUET,Comunidad Valenciana,0,0,17,00:00.0,2015,4,24,0,22.9,1570
3409,PLAYA POSTIGUET,Comunidad Valenciana,0,0,17,00:00.0,2015,4,25,1,18.9,1695
3409,PLAYA POSTIGUET,Comunidad Valenciana,0,0,17,00:00.0,2015,4,26,2,15.3,1581
3409,PLAYA POSTIGUET,Comunidad Valenciana,0,0,17,00:00.0,2015,4,27,0,16.7,1027
3409,PLAYA POSTIGUET,Comunidad Valenciana,0,0,17,00:00.0,2015,4,28,0,19.6,922
3409,PLAYA POSTIGUET,Comunidad Valenciana,0,0,17,00:00.0,2015,4,29,0,21.1,891
3409,PLAYA POSTIGUET,Comunidad Valenciana,0,0,17,00:00.0,2015,4,30,0,23.4,1526
3409,PLAYA POSTIGUET,Comunidad Valenciana,0,0,17,00:00.0,2015,5,1,3,23.9,2256
3409,PLAYA POSTIGUET,Comunidad Valenciana,0,0,17,00:00.0,2015,5,2,0,26.6,2163
3409,PLAYA POSTIGUET,Comunidad Valenciana,0,0,17,00:00.0,2015,5,3,2,21.6,2141
3409,PLAYA POSTIGUET,Comunidad Valenciana,0,0,17,00:00.0,2015,5,4,0,26.9,1120
3409,PLAYA POSTIGUET,Comunidad Valenciana,0,0,17,00:00.0,2015,5,5,0,21.1,981
3409,PLAYA POSTIGUET,Comunidad Valenciana,0,0,17,00:00.0,2015,5,6,0,23.4,1058
3409,PLAYA POSTIGUET,Comunidad Valenciana,0,0,17,00:00.0,2015,5,7,0,0,1177
3409,PLAYA POSTIGUET,Comunidad Valenciana,0,0,17,00:00.0,2015,5,8,0,0,1842
3409,PLAYA POSTIGUET,Comunidad Valenciana,0,0,17,00:00.0,2015,5,9,1,0,2214
3409,PLAYA POSTIGUET,Comunidad Valenciana,0,0,17,00:00.0,2015,5,10,2,0,1913
3409,PLAYA POSTIGUET,Comunidad Valenciana,0,0,17,00:00.0,2015,5,11,0,32.4,1335
3409,PLAYA POSTIGUET,Comunidad Valenciana,0,0,17,00:00.0,2015,5,12,0,33.6,1127
3409,PLAYA POSTIGUET,Comunidad Valenciana,0,0,17,00:00.0,2015,5,13,0,35.8,879
3409,PLAYA POSTIGUET,Comunidad Valenciana,0,0,17,00:00.0,2015,5,14,0,32.9,1295
3409,PLAYA POSTIGUET,Comunidad Valenciana,0,0,17,00:00.0,2015,5,15,0,23.2,1835
3409,PLAYA POSTIGUET,Comunidad Valenciana,0,0,17,00:00.0,2015,5,16,1,28,2325
3409,PLAYA POSTIGUET,Comunidad Valenciana,0,0,17,00:00.0,2015,5,17,2,30.3,2177
3409,PLAYA POSTIGUET,Comunidad Valenciana,0,0,17,00:00.0,2015,5,18,0,31.9,1282
3409,PLAYA POSTIGUET,Comunidad Valenciana,0,0,17,00:00.0,2015,5,19,0,23.5,985
3409,PLAYA POSTIGUET,Comunidad Valenciana,0,0,17,00:00.0,2015,5,20,0,21.8,1024
3409,PLAYA POSTIGUET,Comunidad Valenciana,0,0,17,00:00.0,2015,5,21,0,22.5,1281
3409,PLAYA POSTIGUET,Comunidad Valenciana,0,0,17,00:00.0,2015,5,22,0,22.7,1768
3409,PLAYA POSTIGUET,Comunidad Valenciana,0,0,17,00:00.0,2015,5,23,1,24,1698
3409,PLAYA POSTIGUET,Comunidad Valenciana,0,0,17,00:00.0,2015,5,24,2,24.7,1828
3409,PLAYA POSTIGUET,Comunidad Valenciana,0,0,17,00:00.0,2015,5,25,0,26,1129
3409,PLAYA POSTIGUET,Comunidad Valenciana,0,0,17,00:00.0,2015,5,26,0,28.1,1068
3409,PLAYA POSTIGUET,Comunidad Valenciana,0,0,17,00:00.0,2015,5,27,0,29.5,1188
3409,PLAYA POSTIGUET,Comunidad Valenciana,0,0,17,00:00.0,2015,5,28,0,31.5,1068
3409,PLAYA POSTIGUET,Comunidad Valenciana,0,0,17,00:00.0,2015,5,29,0,30.4,1705
3409,PLAYA POSTIGUET,Comunidad Valenciana,0,0,17,00:00.0,2015,5,30,1,30,2058
3409,PLAYA POSTIGUET,Comunidad Valenciana,0,0,17,00:00.0,2015,5,31,2,31.1,2026
3409,PLAYA POSTIGUET,Comunidad Valenciana,0,0,17,00:00.0,2015,6,1,0,31.8,1522
3409,PLAYA POSTIGUET,Comunidad Valenciana,0,0,17,00:00.0,2015,6,2,0,32.9,1269
3409,PLAYA POSTIGUET,Comunidad Valenciana,0,0,17,00:00.0,2015,6,3,0,34,1232
3409,PLAYA POSTIGUET,Comunidad Valenciana,0,0,17,00:00.0,2015,6,4,0,32.3,1399
3409,PLAYA POSTIGUET,Comunidad Valenciana,0,0,17,00:00.0,2015,6,5,0,32.5,2078
3409,PLAYA POSTIGUET,Comunidad Valenciana,0,0,17,00:00.0,2015,6,6,1,34.1,2165
3409,PLAYA POSTIGUET,Comunidad Valenciana,0,0,17,00:00.0,2015,6,7,2,34.1,2345
3409,PLAYA POSTIGUET,Comunidad Valenciana,0,0,17,00:00.0,2015,6,8,0,33.3,1580
3409,PLAYA POSTIGUET,Comunidad Valenciana,0,0,17,00:00.0,2015,6,9,0,32.6,1243
3409,PLAYA POSTIGUET,Comunidad Valenciana,0,0,17,00:00.0,2015,6,10,0,27.7,1291
3409,PLAYA POSTIGUET,Comunidad Valenciana,0,0,17,00:00.0,2015,6,11,0,22.6,1540
3409,PLAYA POSTIGUET,Comunidad Valenciana,0,0,17,00:00.0,2015,6,12,0,0,2202
3409,PLAYA POSTIGUET,Comunidad Valenciana,0,0,17,00:00.0,2015,6,13,1,22.3,2379
3409,PLAYA POSTIGUET,Comunidad Valenciana,0,0,17,00:00.0,2015,6,14,2,22.4,2352
3409,PLAYA POSTIGUET,Comunidad Valenciana,0,0,17,00:00.0,2015,6,15,0,20.6,1770
3409,PLAYA POSTIGUET,Comunidad Valenciana,0,0,17,00:00.0,2015,6,16,0,25.5,1440
3409,PLAYA POSTIGUET,Comunidad Valenciana,0,0,17,00:00.0,2015,6,17,0,27.1,1720
3409,PLAYA POSTIGUET,Comunidad Valenciana,0,0,17,00:00.0,2015,6,18,0,30.2,1654
3409,PLAYA POSTIGUET,Comunidad Valenciana,0,0,17,00:00.0,2015,6,19,0,32.7,2189
3409,PLAYA POSTIGUET,Comunidad Valenciana,0,0,17,00:00.0,2015,6,20,1,33.8,2691
3409,PLAYA POSTIGUET,Comunidad Valenciana,0,0,17,00:00.0,2015,6,21,2,35.3,2900
3409,PLAYA POSTIGUET,Comunidad Valenciana,0,0,17,00:00.0,2015,6,22,0,34.4,1984
3409,PLAYA POSTIGUET,Comunidad Valenciana,0,0,17,00:00.0,2015,6,23,0,32,1958
3409,PLAYA POSTIGUET,Comunidad Valenciana,0,0,17,00:00.0,2015,6,24,0,30.6,1940
3409,PLAYA POSTIGUET,Comunidad Valenciana,0,0,17,00:00.0,2015,6,25,0,33.1,2176
3409,PLAYA POSTIGUET,Comunidad Valenciana,0,0,17,00:00.0,2015,6,26,0,35.4,2547
3409,PLAYA POSTIGUET,Comunidad Valenciana,0,0,17,00:00.0,2015,6,27,1,37.6,0
3409,PLAYA POSTIGUET,Comunidad Valenciana,0,0,17,00:00.0,2015,6,28,2,39.1,2601
3409,PLAYA POSTIGUET,Comunidad Valenciana,0,0,17,00:00.0,2015,6,29,0,0,2184
3409,PLAYA POSTIGUET,Comunidad Valenciana,0,0,17,00:00.0,2015,6,30,0,38.4,2102
3409,PLAYA POSTIGUET,Comunidad Valenciana,0,0,17,00:00.0,2015,7,1,0,36.7,2133
3409,PLAYA POSTIGUET,Comunidad Valenciana,0,0,17,00:00.0,2015,7,2,0,33.4,2319
3409,PLAYA POSTIGUET,Comunidad Valenciana,0,0,17,00:00.0,2015,7,3,0,37,2834
3409,PLAYA POSTIGUET,Comunidad Valenciana,0,0,17,00:00.0,2015,7,4,1,37,3545
3409,PLAYA POSTIGUET,Comunidad Valenciana,0,0,17,00:00.0,2015,7,5,2,37.1,3696
3409,PLAYA POSTIGUET,Comunidad Valenciana,0,0,17,00:00.0,2015,7,6,0,39.9,2639
3409,PLAYA POSTIGUET,Comunidad Valenciana,0,0,17,00:00.0,2015,7,7,0,38.5,2332
3409,PLAYA POSTIGUET,Comunidad Valenciana,0,0,17,00:00.0,2015,7,8,0,38.6,2018
3409,PLAYA POSTIGUET,Comunidad Valenciana,0,0,17,00:00.0,2015,7,9,0,39.2,2559
3409,PLAYA POSTIGUET,Comunidad Valenciana,0,0,17,00:00.0,2015,7,10,0,37.4,3031
3409,PLAYA POSTIGUET,Comunidad Valenciana,0,0,17,00:00.0,2015,7,11,1,37.8,3355
3409,PLAYA POSTIGUET,Comunidad Valenciana,0,0,17,00:00.0,2015,7,12,2,37.9,3572
3409,PLAYA POSTIGUET,Comunidad Valenciana,0,0,17,00:00.0,2015,7,13,0,39,2728
3409,PLAYA POSTIGUET,Comunidad Valenciana,0,0,17,00:00.0,2015,7,14,0,39.4,2618
3409,PLAYA POSTIGUET,Comunidad Valenciana,0,0,17,00:00.0,2015,7,15,0,39.6,2754
3409,PLAYA POSTIGUET,Comunidad Valenciana,0,0,17,00:00.0,2015,7,16,0,38.6,2763
3409,PLAYA POSTIGUET,Comunidad Valenciana,0,0,17,00:00.0,2015,7,17,0,36.4,3063
3409,PLAYA POSTIGUET,Comunidad Valenciana,0,0,17,00:00.0,2015,7,18,1,33.2,3855
3409,PLAYA POSTIGUET,Comunidad Valenciana,0,0,17,00:00.0,2015,7,19,2,34.8,3817
3409,PLAYA POSTIGUET,Comunidad Valenciana,0,0,17,00:00.0,2015,7,20,0,36.9,2997
3409,PLAYA POSTIGUET,Comunidad Valenciana,0,0,17,00:00.0,2015,7,21,0,37.3,2877
3409,PLAYA POSTIGUET,Comunidad Valenciana,0,0,17,00:00.0,2015,7,22,0,33.9,2643
3409,PLAYA POSTIGUET,Comunidad Valenciana,0,0,17,00:00.0,2015,7,23,0,36.7,2862
3409,PLAYA POSTIGUET,Comunidad Valenciana,0,0,17,00:00.0,2015,7,24,0,34.8,3331
3409,PLAYA POSTIGUET,Comunidad Valenciana,0,0,17,00:00.0,2015,7,25,1,33.8,3856
3409,PLAYA POSTIGUET,Comunidad Valenciana,0,0,17,00:00.0,2015,7,26,2,36.3,3953
3409,PLAYA POSTIGUET,Comunidad Valenciana,0,0,17,00:00.0,2015,7,27,0,37.7,2862
3409,PLAYA POSTIGUET,Comunidad Valenciana,0,0,17,00:00.0,2015,7,28,0,37.8,0
3409,PLAYA POSTIGUET,Comunidad Valenciana,0,0,17,00:00.0,2015,7,29,0,37.2,2581
3409,PLAYA POSTIGUET,Comunidad Valenciana,0,0,17,00:00.0,2015,7,30,0,34.9,3157
3409,PLAYA POSTIGUET,Comunidad Valenciana,0,0,17,00:00.0,2015,7,31,0,31,3272
3409,PLAYA POSTIGUET,Comunidad Valenciana,0,0,17,00:00.0,2015,8,1,1,32.3,4025
3409,PLAYA POSTIGUET,Comunidad Valenciana,0,0,17,00:00.0,2015,8,2,2,0,4276
3409,PLAYA POSTIGUET,Comunidad Valenciana,0,0,17,00:00.0,2015,8,3,0,36,3385
3409,PLAYA POSTIGUET,Comunidad Valenciana,0,0,17,00:00.0,2015,8,4,0,34.9,3447
3409,PLAYA POSTIGUET,Comunidad Valenciana,0,0,17,00:00.0,2015,8,5,0,0,3631
3409,PLAYA POSTIGUET,Comunidad Valenciana,0,0,17,00:00.0,2015,8,6,0,37.6,3445
3409,PLAYA POSTIGUET,Comunidad Valenciana,0,0,17,00:00.0,2015,8,7,0,35.6,3685
3409,PLAYA POSTIGUET,Comunidad Valenciana,0,0,17,00:00.0,2015,8,8,1,34.2,4389
3409,PLAYA POSTIGUET,Comunidad Valenciana,0,0,17,00:00.0,2015,8,9,2,33.5,4525
3409,PLAYA POSTIGUET,Comunidad Valenciana,0,0,17,00:00.0,2015,8,10,0,36.9,4116
3409,PLAYA POSTIGUET,Comunidad Valenciana,0,0,17,00:00.0,2015,8,11,0,34.5,3845
3409,PLAYA POSTIGUET,Comunidad Valenciana,0,0,17,00:00.0,2015,8,12,0,33.3,3486
3409,PLAYA POSTIGUET,Comunidad Valenciana,0,0,17,00:00.0,2015,8,13,0,27.8,3627
3409,PLAYA POSTIGUET,Comunidad Valenciana,0,0,17,00:00.0,2015,8,14,0,27.1,4158
3409,PLAYA POSTIGUET,Comunidad Valenciana,0,0,17,00:00.0,2015,8,15,3,28.5,4815
3409,PLAYA POSTIGUET,Comunidad Valenciana,0,0,17,00:00.0,2015,8,16,2,30,4300
3409,PLAYA POSTIGUET,Comunidad Valenciana,0,0,17,00:00.0,2015,8,17,0,32,3868
3409,PLAYA POSTIGUET,Comunidad Valenciana,0,0,17,00:00.0,2015,8,18,0,32.3,3669
3409,PLAYA POSTIGUET,Comunidad Valenciana,0,0,17,00:00.0,2015,8,19,0,32.6,3572
3409,PLAYA POSTIGUET,Comunidad Valenciana,0,0,17,00:00.0,2015,8,20,0,34.6,3656
3409,PLAYA POSTIGUET,Comunidad Valenciana,0,0,17,00:00.0,2015,8,21,0,33.6,3667
3409,PLAYA POSTIGUET,Comunidad Valenciana,0,0,17,00:00.0,2015,8,22,1,31.8,3918
3409,PLAYA POSTIGUET,Comunidad Valenciana,0,0,17,00:00.0,2015,8,23,2,26,3812
3409,PLAYA POSTIGUET,Comunidad Valenciana,0,0,17,00:00.0,2015,8,24,0,25.1,2958
3409,PLAYA POSTIGUET,Comunidad Valenciana,0,0,17,00:00.0,2015,8,25,0,29.4,2924
3409,PLAYA POSTIGUET,Comunidad Valenciana,0,0,17,00:00.0,2015,8,26,0,32.5,2946
3409,PLAYA POSTIGUET,Comunidad Valenciana,0,0,17,00:00.0,2015,8,27,0,32.3,2812
3409,PLAYA POSTIGUET,Comunidad Valenciana,0,0,17,00:00.0,2015,8,28,0,34.7,3139
3409,PLAYA POSTIGUET,Comunidad Valenciana,0,0,17,00:00.0,2015,8,29,1,35.4,3046
3409,PLAYA POSTIGUET,Comunidad Valenciana,0,0,17,00:00.0,2015,8,30,2,35.5,2828
3409,PLAYA POSTIGUET,Comunidad Valenciana,0,0,17,00:00.0,2015,8,31,0,0,2133
3409,PLAYA POSTIGUET,Comunidad Valenciana,0,0,17,00:00.0,2015,9,1,0,30.3,0
3409,PLAYA POSTIGUET,Comunidad Valenciana,0,0,17,00:00.0,2015,9,2,0,30,2019
3409,PLAYA POSTIGUET,Comunidad Valenciana,0,0,17,00:00.0,2015,9,3,0,26.9,2175
3409,PLAYA POSTIGUET,Comunidad Valenciana,0,0,17,00:00.0,2015,9,4,0,26.2,2423
3409,PLAYA POSTIGUET,Comunidad Valenciana,0,0,17,00:00.0,2015,9,5,1,26.8,2791
3409,PLAYA POSTIGUET,Comunidad Valenciana,0,0,17,00:00.0,2015,9,6,2,27.3,2693
3409,PLAYA POSTIGUET,Comunidad Valenciana,0,0,17,00:00.0,2015,9,7,0,27.8,1956
3409,PLAYA POSTIGUET,Comunidad Valenciana,0,0,17,00:00.0,2015,9,8,0,28.2,1609
3409,PLAYA POSTIGUET,Comunidad Valenciana,0,0,17,00:00.0,2015,9,9,0,28.6,1700
3409,PLAYA POSTIGUET,Comunidad Valenciana,0,0,17,00:00.0,2015,9,10,0,28.3,1778
3409,PLAYA POSTIGUET,Comunidad Valenciana,0,0,17,00:00.0,2015,9,11,0,30.1,2141
3409,PLAYA POSTIGUET,Comunidad Valenciana,0,0,17,00:00.0,2015,9,12,1,27.7,2660
3409,PLAYA POSTIGUET,Comunidad Valenciana,0,0,17,00:00.0,2015,9,13,2,24.8,2566
3409,PLAYA POSTIGUET,Comunidad Valenciana,0,0,17,00:00.0,2015,9,14,0,24.2,1658
3409,PLAYA POSTIGUET,Comunidad Valenciana,0,0,17,00:00.0,2015,9,15,0,19.8,1301
3409,PLAYA POSTIGUET,Comunidad Valenciana,0,0,17,00:00.0,2015,9,16,0,22.1,1352
3409,PLAYA POSTIGUET,Comunidad Valenciana,0,0,17,00:00.0,2015,9,17,0,20.5,1529
3409,PLAYA POSTIGUET,Comunidad Valenciana,0,0,17,00:00.0,2015,9,18,0,23.9,2016
3409,PLAYA POSTIGUET,Comunidad Valenciana,0,0,17,00:00.0,2015,9,19,1,25.9,2323
3409,PLAYA POSTIGUET,Comunidad Valenciana,0,0,17,00:00.0,2015,9,20,2,28.1,1986
3409,PLAYA POSTIGUET,Comunidad Valenciana,0,0,17,00:00.0,2015,9,21,0,29.5,1326
3409,PLAYA POSTIGUET,Comunidad Valenciana,0,0,17,00:00.0,2015,9,22,0,29,1124
3409,PLAYA POSTIGUET,Comunidad Valenciana,0,0,17,00:00.0,2015,9,23,0,24.5,1363
3409,PLAYA POSTIGUET,Comunidad Valenciana,0,0,17,00:00.0,2015,9,24,0,27.1,1479
3409,PLAYA POSTIGUET,Comunidad Valenciana,0,0,17,00:00.0,2015,9,25,0,29.2,1571
3409,PLAYA POSTIGUET,Comunidad Valenciana,0,0,17,00:00.0,2015,9,26,1,28.6,1896
3409,PLAYA POSTIGUET,Comunidad Valenciana,0,0,17,00:00.0,2015,9,27,2,27.1,1803
3409,PLAYA POSTIGUET,Comunidad Valenciana,0,0,17,00:00.0,2015,9,28,0,24.7,1284
3409,PLAYA POSTIGUET,Comunidad Valenciana,0,0,17,00:00.0,2015,9,29,0,23.8,1260
3409,PLAYA POSTIGUET,Comunidad Valenciana,0,0,17,00:00.0,2015,9,30,0,23.4,1321
3409,PLAYA POSTIGUET,Comunidad Valenciana,0,0,17,00:00.0,2015,10,1,0,25.4,1528
3409,PLAYA POSTIGUET,Comunidad Valenciana,0,0,17,00:00.0,2015,10,2,0,24.9,1679
3409,PLAYA POSTIGUET,Comunidad Valenciana,0,0,17,00:00.0,2015,10,3,1,24.4,1968
3409,PLAYA POSTIGUET,Comunidad Valenciana,0,0,17,00:00.0,2015,10,4,2,21.4,1877
3409,PLAYA POSTIGUET,Comunidad Valenciana,0,0,17,00:00.0,2015,10,5,0,22.4,1329
3409,PLAYA POSTIGUET,Comunidad Valenciana,0,0,17,00:00.0,2015,10,6,0,20.7,855
3409,PLAYA POSTIGUET,Comunidad Valenciana,0,0,17,00:00.0,2015,10,7,0,20.5,1225
3409,PLAYA POSTIGUET,Comunidad Valenciana,0,0,17,00:00.0,2015,10,8,0,0,1235
3409,PLAYA POSTIGUET,Comunidad Valenciana,0,0,17,00:00.0,2015,10,9,0,21.5,1831
3409,PLAYA POSTIGUET,Comunidad Valenciana,0,0,17,00:00.0,2015,10,10,1,22.3,2145
3409,PLAYA POSTIGUET,Comunidad Valenciana,0,0,17,00:00.0,2015,10,11,2,20.2,2207
3409,PLAYA POSTIGUET,Comunidad Valenciana,0,0,17,00:00.0,2015,10,12,3,21.4,1720
3409,PLAYA POSTIGUET,Comunidad Valenciana,0,0,17,00:00.0,2015,10,13,0,16,1030
3409,PLAYA POSTIGUET,Comunidad Valenciana,0,0,17,00:00.0,2015,10,14,0,17.1,1055
3409,PLAYA POSTIGUET,Comunidad Valenciana,0,0,17,00:00.0,2015,10,15,0,19.1,1272
3409,PLAYA POSTIGUET,Comunidad Valenciana,0,0,17,00:00.0,2015,10,16,0,20.5,1514
3409,PLAYA POSTIGUET,Comunidad Valenciana,0,0,17,00:00.0,2015,10,17,1,21.5,1845
3409,PLAYA POSTIGUET,Comunidad Valenciana,0,0,17,00:00.0,2015,10,18,2,18.4,1790
3409,PLAYA POSTIGUET,Comunidad Valenciana,0,0,17,00:00.0,2015,10,19,0,19,1250
3409,PLAYA POSTIGUET,Comunidad Valenciana,0,0,17,00:00.0,2015,10,20,0,20,1079
3409,PLAYA POSTIGUET,Comunidad Valenciana,0,0,17,00:00.0,2015,10,21,0,16.6,1077
3409,PLAYA POSTIGUET,Comunidad Valenciana,0,0,17,00:00.0,2015,10,22,0,18.8,1038
3409,PLAYA POSTIGUET,Comunidad Valenciana,0,0,17,00:00.0,2015,10,23,0,19,1413
3409,PLAYA POSTIGUET,Comunidad Valenciana,0,0,17,00:00.0,2015,10,24,1,20.1,1778
3409,PLAYA POSTIGUET,Comunidad Valenciana,0,0,17,00:00.0,2015,10,25,2,20.4,1363
3409,PLAYA POSTIGUET,Comunidad Valenciana,0,0,17,00:00.0,2015,10,26,0,17.7,1116
3409,PLAYA POSTIGUET,Comunidad Valenciana,0,0,17,00:00.0,2015,10,27,0,15.8,1228
3409,PLAYA POSTIGUET,Comunidad Valenciana,0,0,17,00:00.0,2015,10,28,0,0,1117
3409,PLAYA POSTIGUET,Comunidad Valenciana,0,0,17,00:00.0,2015,10,29,0,0,1296
3409,PLAYA POSTIGUET,Comunidad Valenciana,0,0,17,00:00.0,2015,10,30,0,20.3,1724
3409,PLAYA POSTIGUET,Comunidad Valenciana,0,0,17,00:00.0,2015,10,31,1,19.7,0
3409,PLAYA POSTIGUET,Comunidad Valenciana,0,0,17,00:00.0,2015,11,1,3,18.8,1429
3409,PLAYA POSTIGUET,Comunidad Valenciana,0,0,17,00:00.0,2015,11,2,0,16.2,927
3409,PLAYA POSTIGUET,Comunidad Valenciana,0,0,17,00:00.0,2015,11,3,0,14.3,911
3409,PLAYA POSTIGUET,Comunidad Valenciana,0,0,17,00:00.0,2015,11,4,0,16,1034
3409,PLAYA POSTIGUET,Comunidad Valenciana,0,0,17,00:00.0,2015,11,5,0,17.4,954
3409,PLAYA POSTIGUET,Comunidad Valenciana,0,0,17,00:00.0,2015,11,6,0,19.7,1217
3409,PLAYA POSTIGUET,Comunidad Valenciana,0,0,17,00:00.0,2015,11,7,1,21.5,1396
3409,PLAYA POSTIGUET,Comunidad Valenciana,0,0,17,00:00.0,2015,11,8,2,21,1593
3409,PLAYA POSTIGUET,Comunidad Valenciana,0,0,17,00:00.0,2015,11,9,0,20.6,1132
3409,PLAYA POSTIGUET,Comunidad Valenciana,0,0,17,00:00.0,2015,11,10,0,19.8,1016
3409,PLAYA POSTIGUET,Comunidad Valenciana,0,0,17,00:00.0,2015,11,11,0,19.7,1072
3409,PLAYA POSTIGUET,Comunidad Valenciana,0,0,17,00:00.0,2015,11,12,0,19.3,943
3409,PLAYA POSTIGUET,Comunidad Valenciana,0,0,17,00:00.0,2015,11,13,0,19.2,1334
3409,PLAYA POSTIGUET,Comunidad Valenciana,0,0,17,00:00.0,2015,11,14,1,16.2,1378
3409,PLAYA POSTIGUET,Comunidad Valenciana,0,0,17,00:00.0,2015,11,15,2,17.4,1131
3409,PLAYA POSTIGUET,Comunidad Valenciana,0,0,17,00:00.0,2015,11,16,0,16.5,698
3409,PLAYA POSTIGUET,Comunidad Valenciana,0,0,17,00:00.0,2015,11,17,0,15.9,726
3409,PLAYA POSTIGUET,Comunidad Valenciana,0,0,17,00:00.0,2015,11,18,0,18.4,631
3409,PLAYA POSTIGUET,Comunidad Valenciana,0,0,17,00:00.0,2015,11,19,0,19,655
3409,PLAYA POSTIGUET,Comunidad Valenciana,0,0,17,00:00.0,2015,11,20,0,18.7,1015
3409,PLAYA POSTIGUET,Comunidad Valenciana,0,0,17,00:00.0,2015,11,21,1,0,852
3409,PLAYA POSTIGUET,Comunidad Valenciana,0,0,17,00:00.0,2015,11,22,2,9.2,1141
3409,PLAYA POSTIGUET,Comunidad Valenciana,0,0,17,00:00.0,2015,11,23,0,10.4,506
3409,PLAYA POSTIGUET,Comunidad Valenciana,0,0,17,00:00.0,2015,11,24,0,10.9,536
3409,PLAYA POSTIGUET,Comunidad Valenciana,0,0,17,00:00.0,2015,11,25,0,15.8,466
3409,PLAYA POSTIGUET,Comunidad Valenciana,0,0,17,00:00.0,2015,11,26,0,16.1,518
3409,PLAYA POSTIGUET,Comunidad Valenciana,0,0,17,00:00.0,2015,11,27,0,16.2,826
3409,PLAYA POSTIGUET,Comunidad Valenciana,0,0,17,00:00.0,2015,11,28,1,15.3,869
3409,PLAYA POSTIGUET,Comunidad Valenciana,0,0,17,00:00.0,2015,11,29,2,12.6,750
3409,PLAYA POSTIGUET,Comunidad Valenciana,0,0,17,00:00.0,2015,11,30,0,14.8,486
3409,PLAYA POSTIGUET,Comunidad Valenciana,0,0,17,00:00.0,2015,12,1,0,14.6,539
3409,PLAYA POSTIGUET,Comunidad Valenciana,0,0,17,00:00.0,2015,12,2,0,13.4,538
3409,PLAYA POSTIGUET,Comunidad Valenciana,0,0,17,00:00.0,2015,12,3,0,0,548
3409,PLAYA POSTIGUET,Comunidad Valenciana,0,0,17,00:00.0,2015,12,4,0,16.3,918
3409,PLAYA POSTIGUET,Comunidad Valenciana,0,0,17,00:00.0,2015,12,5,1,16.6,1071
3409,PLAYA POSTIGUET,Comunidad Valenciana,0,0,17,00:00.0,2015,12,6,3,15.5,1542
3409,PLAYA POSTIGUET,Comunidad Valenciana,0,0,17,00:00.0,2015,12,7,0,11.6,1135
3409,PLAYA POSTIGUET,Comunidad Valenciana,0,0,17,00:00.0,2015,12,8,3,13.9,865
3409,PLAYA POSTIGUET,Comunidad Valenciana,0,0,17,00:00.0,2015,12,9,0,14.5,315
3409,PLAYA POSTIGUET,Comunidad Valenciana,0,0,17,00:00.0,2015,12,10,0,13.5,383
3409,PLAYA POSTIGUET,Comunidad Valenciana,0,0,17,00:00.0,2015,12,11,0,13.8,559
3409,PLAYA POSTIGUET,Comunidad Valenciana,0,0,17,00:00.0,2015,12,12,1,12,567
3409,PLAYA POSTIGUET,Comunidad Valenciana,0,0,17,00:00.0,2015,12,13,2,12.4,645
3409,PLAYA POSTIGUET,Comunidad Valenciana,0,0,17,00:00.0,2015,12,14,0,14.1,614
3409,PLAYA POSTIGUET,Comunidad Valenciana,0,0,17,00:00.0,2015,12,15,0,15.6,439
3409,PLAYA POSTIGUET,Comunidad Valenciana,0,0,17,00:00.0,2015,12,16,0,15.3,621
3409,PLAYA POSTIGUET,Comunidad Valenciana,0,0,17,00:00.0,2015,12,17,0,15.1,489
3409,PLAYA POSTIGUET,Comunidad Valenciana,0,0,17,00:00.0,2015,12,18,0,15.1,614
3409,PLAYA POSTIGUET,Comunidad Valenciana,0,0,17,00:00.0,2015,12,19,1,15.4,791
3409,PLAYA POSTIGUET,Comunidad Valenciana,0,0,17,00:00.0,2015,12,20,2,14.8,828
3409,PLAYA POSTIGUET,Comunidad Valenciana,0,0,17,00:00.0,2015,12,21,0,13.7,652
3409,PLAYA POSTIGUET,Comunidad Valenciana,0,0,17,00:00.0,2015,12,22,0,14.7,624
3409,PLAYA POSTIGUET,Comunidad Valenciana,0,0,17,00:00.0,2015,12,23,0,14.3,652
3409,PLAYA POSTIGUET,Comunidad Valenciana,0,0,17,00:00.0,2015,12,24,0,10,407
3409,PLAYA POSTIGUET,Comunidad Valenciana,0,0,17,00:00.0,2015,12,25,3,12.8,871
3409,PLAYA POSTIGUET,Comunidad Valenciana,0,0,17,00:00.0,2015,12,26,1,11.1,1011
3409,PLAYA POSTIGUET,Comunidad Valenciana,0,0,17,00:00.0,2015,12,27,2,13.8,1256
3409,PLAYA POSTIGUET,Comunidad Valenciana,0,0,17,00:00.0,2015,12,28,0,14.1,880
3409,PLAYA POSTIGUET,Comunidad Valenciana,0,0,17,00:00.0,2015,12,29,0,10.7,1004
3409,PLAYA POSTIGUET,Comunidad Valenciana,0,0,17,00:00.0,2015,12,30,0,10.4,1201
3409,PLAYA POSTIGUET,Comunidad Valenciana,0,0,17,00:00.0,2015,12,31,0,12.2,814
3409,PLAYA POSTIGUET,Comunidad Valenciana,0,0,17,00:00.0,2016,1,1,3,14.6,2123
3409,PLAYA POSTIGUET,Comunidad Valenciana,0,0,17,00:00.0,2016,1,2,1,11.4,1190
3409,PLAYA POSTIGUET,Comunidad Valenciana,0,0,17,00:00.0,2016,1,3,2,11.9,1019
3409,PLAYA POSTIGUET,Comunidad Valenciana,0,0,17,00:00.0,2016,1,4,0,13.8,663
3409,PLAYA POSTIGUET,Comunidad Valenciana,0,0,17,00:00.0,2016,1,5,0,9.5,703
3409,PLAYA POSTIGUET,Comunidad Valenciana,0,0,17,00:00.0,2016,1,6,3,8.8,774
3409,PLAYA POSTIGUET,Comunidad Valenciana,0,0,17,00:00.0,2016,1,7,0,14.7,447
3409,PLAYA POSTIGUET,Comunidad Valenciana,0,0,17,00:00.0,2016,1,8,0,13.2,722
3409,PLAYA POSTIGUET,Comunidad Valenciana,0,0,17,00:00.0,2016,1,9,1,11.8,741
3409,PLAYA POSTIGUET,Comunidad Valenciana,0,0,17,00:00.0,2016,1,10,2,12.3,842
3409,PLAYA POSTIGUET,Comunidad Valenciana,0,0,17,00:00.0,2016,1,11,0,11.8,650
3409,PLAYA POSTIGUET,Comunidad Valenciana,0,0,17,00:00.0,2016,1,12,0,10.6,532
3409,PLAYA POSTIGUET,Comunidad Valenciana,0,0,17,00:00.0,2016,1,13,0,0,572
3409,PLAYA POSTIGUET,Comunidad Valenciana,0,0,17,00:00.0,2016,1,14,0,9.1,396
3409,PLAYA POSTIGUET,Comunidad Valenciana,0,0,17,00:00.0,2016,1,15,0,9.7,779
3409,PLAYA POSTIGUET,Comunidad Valenciana,0,0,17,00:00.0,2016,1,16,1,8.5,917
3409,PLAYA POSTIGUET,Comunidad Valenciana,0,0,17,00:00.0,2016,1,17,2,7,1013
3409,PLAYA POSTIGUET,Comunidad Valenciana,0,0,17,00:00.0,2016,1,18,0,10.1,637
3409,PLAYA POSTIGUET,Comunidad Valenciana,0,0,17,00:00.0,2016,1,19,0,9.1,480
3409,PLAYA POSTIGUET,Comunidad Valenciana,0,0,17,00:00.0,2016,1,20,0,9.2,572
3409,PLAYA POSTIGUET,Comunidad Valenciana,0,0,17,00:00.0,2016,1,21,0,9.3,432
3409,PLAYA POSTIGUET,Comunidad Valenciana,0,0,17,00:00.0,2016,1,22,0,11.3,937
3409,PLAYA POSTIGUET,Comunidad Valenciana,0,0,17,00:00.0,2016,1,23,1,16.6,927
3409,PLAYA POSTIGUET,Comunidad Valenciana,0,0,17,00:00.0,2016,1,24,2,17.7,923
3409,PLAYA POSTIGUET,Comunidad Valenciana,0,0,17,00:00.0,2016,1,25,0,16.5,530
3409,PLAYA POSTIGUET,Comunidad Valenciana,0,0,17,00:00.0,2016,1,26,0,14.6,598
3409,PLAYA POSTIGUET,Comunidad Valenciana,0,0,17,00:00.0,2016,1,27,0,10.1,448
3409,PLAYA POSTIGUET,Comunidad Valenciana,0,0,17,00:00.0,2016,1,28,0,9.6,498
3409,PLAYA POSTIGUET,Comunidad Valenciana,0,0,17,00:00.0,2016,1,29,0,10.7,763
3409,PLAYA POSTIGUET,Comunidad Valenciana,0,0,17,00:00.0,2016,1,30,1,13.3,1052
3409,PLAYA POSTIGUET,Comunidad Valenciana,0,0,17,00:00.0,2016,1,31,2,15.1,1255
3409,PLAYA POSTIGUET,Comunidad Valenciana,0,0,17,00:00.0,2016,2,1,0,15.6,470
3409,PLAYA POSTIGUET,Comunidad Valenciana,0,0,17,00:00.0,2016,2,2,0,14.4,505
3409,PLAYA POSTIGUET,Comunidad Valenciana,0,0,17,00:00.0,2016,2,3,0,14.7,538
3409,PLAYA POSTIGUET,Comunidad Valenciana,0,0,17,00:00.0,2016,2,4,0,11.3,537
